Migrant remittance inflows (US$ million),1990,1991,1992,1993,1994,1995,1996,1997,1998,1999,2000,2001,2002,2003,2004,2005,2006,2007,2008,2009,2010,2011,2012,2013,2014,2015,2016,2017,2018,2019,2020,2021,2022,% of GDP in 2022
Afghanistan,0,0,0,0,0,0,0,0,0,0,0,0,0,0,0,0,0,0,89.5,140.6951663,378.206657,179.1165614,219.4160875,347.1652918,253.3678216,348.6247173,627.7108024,822.7316302,803.5464538,828.5719041,788.9171152,300,350,2.058823529
Albania,0,0,151.8,332,307.1,427.3,550.9,300.3,504.14,407.2,597.8,699.3,733.57,888.7485823,1160.672105,1289.704316,1359.467325,1468.02,1865.6,1717.698012,1586.574271,1552.078514,1419.772515,1281.848114,1421.007454,1290.863508,1306.009167,1311.822432,1458.210056,1472.812242,1465.987212,1718.320554,1800,9.85977213
Algeria,352.4417598,232.9902628,0,0,0,0,0,0,0,0,0,0,0,0,0,170,189,99.00456335,103.6318872,150.3369615,196.6,202.8698162,214.8412686,209.6014434,2452.442617,1997.393458,1989.023597,1791.887073,1984.998399,1785.838683,1699.608935,1759.095247,1829.459057,0.977510116
Angola,0,0,0,0,0,0,5.142,0,0,0,0,0,0,0,0,0,0,0,82.084,0.2,17.972037,0.2047511,40.34885399,36.63741134,30.97111927,11.1147116,3.98804838,1.41819584,1.57924715,3.445473468,8.053050894,12.63114932,16.42049412,0.01315808
Antigua and Barbuda,9.4,0,0,7.925925926,8.614814815,0,8.940740741,9.537037037,18.75555556,18.39444444,17.34296296,23.67666667,14.24216667,16.37223704,17.60162593,18.30548889,19.32572037,20.78328704,21.82840259,20.65871889,20.19766667,20.29261,20.85622,21.12735074,32.1,31.24441226,26.70567565,24.02004435,32.76826532,36.95542625,36.33144777,50.14202845,34.59002304,2.044327603
Argentina,0,0,15.4,57.7,62.4,63.6,65,65.7,68.5,64.3,86.34365859,189.6,206.63,273.42,311.78,432.09,540.7,606.4989265,705.1444034,628.5423761,644.3007401,697.3795751,577.5329621,535.0044094,505.3468917,494.4335321,391.5790477,479.9374598,522.441503,561.3984447,651.0206158,911.5915941,966.2870897,0.153209157
Armenia,0,0,0,0.2,11.12,71.35,153.73,228.9864,166.64797,182.652132,182.16,209.24,263.89,335.86,787.51951,915.2311618,1169.173063,1644.375091,1904.067123,1439.809232,1669.336819,1798.624692,1914.983997,2192.193827,2078.618315,1491.475903,1382.330887,1538.655752,1487.814908,1527.937457,1327.006085,1610.171649,3350,18.93404171
Aruba,0,1.731843575,1.731843575,2.402234637,3.631284916,1.340782123,1.620111732,1.843575419,1.620111732,0.608938547,1.083798883,1.335195531,1.329608939,0.273743017,1.458100559,0.819846096,1.036166002,5.195530726,6.759776536,9.05027933,4.972067039,5.30726257,4.860335196,6.337950838,7.465211173,8.083713408,52.7,56.14034016,36.92029545,34.26401827,34.98404042,35.97563477,44.19160843,1.262978235
Australia,353.4439973,343.6667935,360.2979406,347.3202724,394.018766,438.9,517.8944237,538.7478222,501.5852572,531.8124238,518.3340529,486.7446858,465.722534,651.5721451,824.7291012,940.4077666,1014.841491,1341.851616,1526.025147,1334.648953,1864.472761,2449.287569,2405.316867,2442.450025,2329.656677,2174.65138,2056.844753,2001.928453,1861.417361,1752.198311,1186.9727,922.279965,736.6923218,0.042712075
Austria,0,0,0,0,0,0,0,0,0,0,0,0,0,0,0,2313.507128,2517.2,2915.622152,3189.808743,3101.681749,2983.488446,3250.804926,3028.188699,3261.505684,3239.901779,2863.606817,2887.576591,2956.934246,3022.591419,2966.978811,3000.359718,3167.048409,2700,0.576866376
Azerbaijan,0,0,0,0,0,3,0,0,6.294,54.492,57.132,104.125,163.317,155.957,203.578,623.235,790.214,1267.735,1518.327,1254.645,1410.296,1893.08,1990.18,1733.2,1846.424,1269.964,643.148,1133.371,1225.79,1275.168755,1403.087,1526.636,2150,3.068535381
Bangladesh,778.8655744,769.3657068,911.7599711,1007.375043,1150.881239,1201.664267,1344.661209,1526.499544,1605.786652,1806.794192,1967.528858,2104.551469,2858.05777,3191.664732,3583.817228,4314.5,5427.515429,6562.316322,8940.611606,10520.65301,10850.21162,12071.07318,14119.62703,13866.95402,14987.53148,15295.53609,13574.28589,13501.93303,15566.24193,18363.85953,21751.64648,22202.91778,21000,4.557776326
Belarus,0,0,0,0.4,0.4,28.5,93.3,46.5,53.9,62,114.2,67.2,80.6,164.1,239.4,198.6,268.2,288.3,583.3,503.8,575.3,890.6,1053.1,1213.5,1231.3,931.5,976.6,1253.8,1445.8,1418.8,1013.7,1136.746556,1350,1.693766938
Belgium,0,0,0,0,0,0,0,0,0,0,0,0,4534.638939,5778.136096,6562.530149,6884.305724,7268.88491,8991.846091,10479,11090.65144,10993.66927,11728.5489,11171.45238,11695.0855,12161.00327,10464.91232,10786.36068,11435.49732,12448.56909,12178.11895,12693.50898,15883.12373,13500,2.290111299
Belize,18.45,15.6,19.75,16.5,12.968,13.8965,17.25,22.7,23.4,24.41690432,24.868381,28.39788521,26.83616372,32.15107973,33.65012854,44.69332284,63.81195079,73.11926319,76.48900331,78.5784016,78.13456959,75.4,75.94564669,74.40171037,80.33441762,84.74407454,96.67100668,90.2145163,92.51273878,96.81675012,120.6836194,135.359897,142.1278918,5.311206721
Benin,93.70363385,116.1981468,135.1734353,107.834517,88.40126963,98.93229636,84.91798187,70.10647113,89.17847571,75.0544277,85.87625312,83.06416112,76.10781802,55.40117709,63.11701027,146.9393479,195.6737861,240.7937334,207.8632094,126.4572223,139.5691205,172.1,207.7635552,248.8005337,304.6591734,214.4495795,221.726215,195.7768339,198.742396,216.9931452,204.6239165,204.2858956,208.8249796,1.190089358
Bhutan,0,0,0,0,0,0,0,0,0,0,0,0,0,0,0,0,2.2,2.933039377,3.548930805,4.866701168,8.273480865,10.460534,18.14473043,11.80428371,14.29234289,19.65650792,34.34345666,43.15382843,58.1485158,56.65876294,83.43518259,57.68718,55,2.031769487
Bolivia,3.8,2.9,3.2,3.2,3.3,5.4,10.7,84.9,88.4,96,126.87,135.28,112.9,158.1664133,210.5586685,337.0400567,602.9740707,1055.366582,1134.718447,1057.93,960.2127468,1042.996647,1110.532147,1201.339479,1177,1190.958194,1246.634759,1407.996989,1388.281654,1335.620197,1126.51792,1417.100383,1402.929379,3.230248853
Bosnia and Herzegovina,0,0,0,0,0,0,0,0,1984.050244,1872.783886,1580.952511,1500.016857,1495.729519,1738.096326,2053.201662,2037.731948,2148.940834,2686.5,2717.663874,2127.033059,1822.304847,1958.2302,1845.715377,1957.98747,2107.139725,1801.111958,1845.995097,2016.872695,2262.876954,2332.570551,1910.737573,2374.467959,2400,10.13470715
Botswana,81.26996868,78.94906071,86.83596203,64.54608297,63.39756962,55.33497984,43.25857175,40.9259616,36.25588043,26.36020353,18.54087011,17.90769966,19.0733971,27.30931376,78.65639314,117.7445058,103.8590066,92.19151815,46.82319634,15.20902919,22.3,20.40987829,18.10314392,36.00433594,46.12311908,30.04561957,24.62250168,38.95656147,44.3098974,59.36010414,35.61590837,57.62918397,55.61216254,0.308870661
Brazil,537,1067,1737,1161,1893,2952,2059,1586.402308,1269.915,1501.221,1349.591,1448.914,2003.791,2286.68,2812.514,2805.358,3287.162,3305.694,3642.585,2889.1595,3082.8,3214.602243,2784.072055,2717.675069,2647.908513,2896.909952,2739.786527,2698.770651,2933.489276,3213.621677,3566.219438,4102.018148,5045,0.266267942
Bulgaria,0,0,0,0,0,0,41.5,50.6,50.67583324,42.52801977,58.23545135,826.2003096,1176.951497,1718.485429,1722.769585,1612.912427,1716.435981,1693.553171,1918.650334,1591.794628,1332.9,1483.19,1448.88,1666.96,1684.74,1494.74,1665.57,2193.59,2408.23,2342.37,954.92,786.06,850,0.999905891
Burkina Faso,0,0,0,0,0,0,0,0,0,0,0,0,0,0,0,56.6648196,67.99628178,84.43617413,99.7421432,96.37387586,120.4621891,221.1,209.9807444,308.4695202,396.3080407,384.9856164,397.3738925,416.8392431,455.6500922,467.2518417,524.6081048,560.55,588.5775,3.221904423
Burundi,0,0,0,0,0,0,0,0,0,0,0,0,0,0,0.041783995,0.1,0.011470972,0.189948941,3.645216677,28.23214776,34.49892951,45.46317687,46.43364909,48.6394739,56.26259143,51.04108726,31.27605824,33.72535865,48.32863178,0,0,48,49.8930224,1.353581725
Cabo Verde,59.14038478,62.36653052,76.01299174,76.49136233,85.45364255,105.8608605,100.3497133,76.41655636,73.74155705,79.71558375,89.76116615,80.95417113,85.02168169,108.4449356,113.4278326,136.6925986,136.5732084,138.7936763,155.0359908,135.620281,130.9098745,176.8750196,177,175.9183354,196.9818646,200.9035178,211.3738292,216.552202,234.507467,241.3142839,245.8003631,312.105153,374.5261836,18.24287304
Cambodia,0,0,9,9.5,11.3,11.6,11.6,11.7,72.2,82.4,102.6,112.8,123,128.2,147.4,163.7,183.7,185.8,187.918,142.2135,557.4,610.6497302,855.0431369,1003.326431,1103.123112,1185.470633,1199.209466,1287.315707,1431.304827,1524.617295,1272.266571,1153.438269,1250,4.412283798
Cameroon,22.9923232,7.337643763,25.01021936,20.34167089,11.4012004,11.23914192,13.40996464,13.56418612,22.61252627,15.409928,22.15505952,16.84631193,29.59551471,75.5840568,103.5749304,77.01916722,130.0587046,167.5602802,162.6703885,185.1120932,114.9710179,219.5422848,210.4077296,244.128552,283.3375659,241.70699,269,316.8006714,333.5544984,355.5506458,334.0972885,350.1989757,364.9073327,0.825358121
Chile,0.4,0,0,0,0,0,0,0,0,0,13.3,11.9,12.4,0,0,0,0,0,0,51.93805368,62.32492311,70.9173819,72.03004074,71.10814491,60.61270642,58.99221584,64.55111266,66.54175359,69.85684979,69.37277136,70.92672144,76.09407426,77.56865,0.024952439
China,124,207,228,108,395,350,1672,4589,344,530,758.082,1209,2353.070422,4625.33181,6641.220179,23625.89932,27565.19376,38395.03999,47742.80539,41600.37492,52459.64588,61576.22192,57986.59842,59491.28719,62332.34231,63937.64659,60999.99949,63875.67411,67413.59206,68398.47511,59506.67335,53000,51000,0.251772143
Colombia,495,881,640.5,467.7,968.350455,815.1176394,753.0362988,773.5190905,805.92507,1312.052329,1610.1,2056.358873,2479.942596,3076.018647,3189.709844,3345.610321,3899.159914,4460.194477,4826.851232,4124.862554,4030.846326,4101.315891,4018.674668,4449.83168,4165.731073,5001.596492,5191.956875,5818.773635,6675.079294,7115.322399,6924.526136,8608.268971,9133,2.663311161
Comoros,9.935265381,10.09554905,15.99987561,16.02979628,15.23299222,12.21293808,0,0,0,0,0,0,0,32.04244836,48.70500216,54.05572553,63.19751258,74.04548676,101.3254401,100.4075326,87.25208692,108.173891,110.203511,0,159.8174503,131.8660033,116.7455297,131.5983323,172.6202096,168.5468158,227.3403685,243.33,249.65658,20.10117391
"Congo, Dem. Rep.",0,0,0,0,0,0,0,0,0,0,0,0,0,0,0,8.9,12.8,8.8,14.7,19.5,15.7,1127.5,855.8531746,1001.358241,756.4103876,1166.568218,593.4802748,1076.294915,1822.706176,2076.317928,1109.067595,1330.881114,1663.601393,2.603078428
Costa Rica,12,13.4,14.2,16,17.1,123.3,130.77,130.1,128.1,126.4827182,136,198.4434131,250.6464864,320.879535,319.5463521,420.34641,513.1562909,617.9200875,604.768805,513.0918733,530.688786,520.2196733,562.342745,596.399211,593.9253844,551.9885076,545.4237731,560.3666191,533.5096631,553.3779771,524.7867478,594.1256017,653.5381618,0.954223542
Cote d'Ivoire,0,0,0,0,0,0,0,0,0,0,0,0,0,0,0,163.2387575,166.9098831,184.9368245,199.7214022,316.346324,373.8419592,397.1,367.086167,384.7786362,387.2143023,336.3820619,342.4350611,307.6451279,332.04673,328.2904121,329.1476362,348,360.18,0.524814221
Croatia,0,0,0,230.029,375.509,544.168,649.9168984,593.9834616,601.2065108,528.8656902,1008.1,1132.777498,1331.304585,1565.790162,1873.603654,1874.468832,1926.149214,2228.813116,2505.307645,2268.827435,2287.050682,2524.036566,2084.70026,2768.842045,2774.820386,2676.949982,3223.409432,3662.771437,4014.006757,4280.379502,4203.433921,5044.681501,3700.89209,5.334234779
Cyprus,78.58890707,65.67211099,81.19255928,79.41212244,81.26926336,48.62736372,49.32327925,47.67489226,48.2788043,49.72854202,44.98648759,77.85033349,20.66079783,31.81379374,77.39164426,104.8171813,104.511095,142.1760082,948.6,593.4131536,861.7349436,740.5104578,601.1168746,430.9993626,323.088099,297.8481964,391.5740358,464.4577988,521.1920466,535.1823981,533.7906913,665.5810768,527.3398438,1.974685803
Czech Republic,0,0,0,138.0674672,164.0078803,189.1030298,110.4743331,71.07622785,345.8414147,310.6286638,293.9650524,256.4606608,332.6646178,493.7155265,1221.9,1340.517764,1603.247264,1827.046315,1134.443633,1196.075195,1229.063882,1394.312633,1409.130137,1737.884337,2628.261738,2674.828099,3126.38808,3585.217057,3935.990609,3859.93709,4185.806688,4386.865793,4538.534668,1.535270067
Denmark,0,0,464.252461,449.9060025,438.7391715,522.9271775,0,852.389081,765.4942513,803.2081839,666.5100559,698.6232815,784.8592968,940.5723017,1075.395076,666.1,740.2663888,823.2039592,1051.704665,1019.066492,925.4674621,1149.885933,1182.24424,1370.760789,1483.0218,1258.255663,1247.014793,1314.451448,1415.297049,1451.438647,1488.326094,1492.20679,1517.082764,0.392290823
Djibouti,0,13.12169074,13.12169074,19.03545445,13.54932732,11.88942218,10.94412028,11.4730392,11.94006336,11.56306795,12.28892478,11.94569015,14.95602658,24.6678783,24.74102667,25.84950569,28.47159312,28.64039703,30.32843614,32.46661903,32.64104974,32.35970988,33.26562421,39.787082,37.8795978,39.71393364,40.23722576,41.3231976,59.85786711,79.46162806,64.05545771,65,54.68164825,1.467963712
Dominica,9.781481481,0.4,0.244444444,9.618518519,10.32222222,10.84074074,11.10740741,11.42962963,12.07037037,12.98518519,13.52222222,14.34259259,14.45775926,14.80481481,20.03114074,21.77234444,22.07503333,22.48258519,22.68633333,22.13852222,22.8892963,22.87014,23.24889852,23.55113407,50.5,55.92820398,44.03372367,44.35132108,42.14141837,47.5060825,67.96052117,57.53490507,52,8.681135225
Dominican Republic,314.8,329.5,346.6,758.1,797.5,839.2,962.7,1142.2,1405.8,1631.1,1838.8,1981.8,2194.3,2325.4,2501.2,2719.2,3053.8,3397,3605.5,3414.7,3887,4240.7,4262.1,4485.5,4810.4,5196.2,5508.4,6177.8,6817.7,7420.6,8331.6,10742.8,9919.75,8.824065755
Ecuador,51,56,75,202.92,276.23,386.12,488.96,647.72,798.72,1089.52,1322.301,1420.558147,1438.022869,1633.427048,1838.041771,2460,2933.808811,3341.337813,3088.633129,2742.436211,2599.027039,2680.596337,2476.225962,2458.803089,2472.449389,2387.555892,2612.1,2849.068577,3039.078509,3242.684317,3343.696164,4367.441781,4467.892942,3.869344102
"Egypt, Arab Rep.",4283.5,4054,6104,5664,3672,3226,3107,3697,3370,3235.3,2852,2911.4,2893.1,2960.9,3340.7,5017.3,5329.5,7655.8,8694,7149.6,12453.1,14324.3,19236.4,17833.1,19570.4,18325.4,18590.4,24737.4,25515.7,26781.4,29602.9,31487,32337.149,6.893532853
El Salvador,366.2789,475.2349272,694.308781,795.7475862,971.7313476,1063.899862,1083.837807,1199.486081,1338.320959,1386,1764.2,1924.3,1952.6,2121.3,2563,3028.6,3482.7,3709.05,3754.75,3402.34,3471.836719,3643.949246,3914.048534,3966.478548,4160.378001,4274.620676,4561.580071,4996.353545,5391.738702,5656.754219,5930.817757,7488.469373,7620,23.82068836
Estonia,0,0,0,0,2.905014729,1.283825098,1.684442021,1.737374157,2.644205993,2.314638977,4.052634247,11.02069808,19.14898041,42,154.9793481,254.609795,392.1388009,381.2827572,416.3292384,340.0513235,357.0840442,438.6505977,460.6755916,564.7964694,543.9235817,457.2826525,486.4826384,505.0912838,570.4044769,541.9152438,506.6084868,580.2772758,625.7612915,1.602297566
Eswatini,110.539055,108.3179572,110.3080075,82.40492497,76.92551769,82.22387951,75.39583026,83.75134776,78.36518293,70.00983853,56.79607349,52.71709455,44.13093443,65.22529553,82.79758053,95.42186976,95.65506859,95.12218317,89.63736606,93.45776262,54.69032385,63.5,88.54567984,75.12041321,95.82445755,95.77140234,98.42104399,144.4153936,125.7373221,118.7020818,112.4953804,132.1682246,148.0284116,3.170452165
Ethiopia,5.217391304,9.758454106,15.01913043,18.38,24.62566991,27.35966944,16.01221036,9.232460373,27.31323647,33.72964661,53.15888238,18.31371817,32.98689442,46.47019246,133.7428062,173.5194057,172.153314,357.838225,386.6962658,261.6019515,436.1438763,538.3398947,624.3606699,833.031317,1796.377787,1086.986751,772.2359466,393.37917,436.3254631,479.6241653,404.0883199,436.4153855,327.3115391,0.294395211
Fiji,21.33825524,19.1114206,22.55502778,25.94412285,29.57397763,32.70917279,33.34996081,34.63383379,25.87052991,23.20238624,43.30133311,77.58487231,99.40191941,123.6784406,172.6452099,203.3,204.5797362,183.2124787,146.6773399,171.0572095,175.6311331,160.5566545,190.6078583,203.5700689,220.9677344,252.3574214,272.292584,278.6839593,291.9438747,295.2262773,355.4034885,483.750448,450,9.261164849
Finland,62.88360124,101.1853136,103.1131524,77.05112485,66.89375048,74.25886347,145.4605706,235.2539743,375.4119757,443.569219,472.7284152,490.7180397,477.1525474,526.3819393,666.9138668,692.3,714.7988892,805.950015,959.188912,865.768666,893.8152262,756.0663203,862.1229796,1073.207239,1068.529689,865.4198807,860.9645175,908.3031159,841.0533465,797.1765783,812.7271577,842.4769025,880.2798462,0.312809324
France,3839.266956,4429.12242,4960.62908,4769.841215,3748.573694,4434.302326,4334.903528,9741.087205,10021.05478,9445.4,8869.551607,9194.240138,10599.31944,12231.75597,13342.61414,14205.07647,15535.23765,17586.41627,20085.69612,19665.37019,19898.25827,22942.28025,22666.36676,24412.28215,25358.37473,24066.98984,24042.34885,24884.54786,26229.27471,30024.72508,28823.15746,32077.31222,28520,1.02660461
Gabon,0,0,0,0,0,4.471615824,5.727663142,6.145602579,5.563166587,4.247204299,6.050763424,5.363974692,2.846533112,5.989329181,6.852364361,11.02815417,0,14.40951105,20.65406756,13.84623003,38.42899866,21.79219845,22.58645856,16.52700061,29.46715085,18.45804225,14,14,14,14,14,14,4.229600276,0.019034248
"Gambia, The",0,0,0,0,0,0,0,0,0,0,0,0,0,54.06983927,60.74874917,59.30408754,63.77351734,55.66254037,64.81155897,79.80115313,115.699061,91.35895377,106.3494531,109.829222,137.7712094,154,145.6787947,160.1673453,212.0347361,275.8251075,416.4188807,547.0514238,615.4328518,28.33484585
Georgia,0,0,0,0,0,0,0,284,372.9,360.8,205.9,218.6387537,226.3289293,248.4536953,358.5901355,446.0053986,627.3487795,883.065426,1065.021296,1111.619713,1183.93575,1547.27444,1770.115175,1945.284852,1986.474924,1458.741311,1520.785231,1793.945161,2034.288456,2258.211425,2109.658757,2643.926172,4100,16.28793898
Germany,4858.033721,4808.5,4906.857049,4381.61185,4393.596892,4506.567694,4329.127024,3830.95504,3908.264176,3755.066569,3603.502764,3883.047671,4653.643268,5748.398267,6515.541641,6863.864315,7484.148242,9767.490709,10973.68879,12344.79166,12788.81279,15337.12363,14637.03044,16395.71592,17075.37809,15578.0829,15197.53678,15688.31435,18903.42095,18729.70272,19359.31836,20411.77759,18000,0.446522815
Ghana,6,6.2,7.3,10.1,15.7,17.2096,27.5,26,29.5,30.7,32.3968,45.90912,43.52,65.100096,82.3712,99.184576,105.253248,117.363712,126.104704,114.45568,135.85216,2134.6,2155.495,1863.99,2007.83148,4982.442362,2979.934204,3536.41,3520.566623,4053.694729,4291.956801,4506.554641,4664.284053,6.137538888
Greece,1817,2173,2531,2655,2886,3286,3079,3062,0,2283.960003,2193.819906,2014.591009,1660.39778,1565.054104,1242.683995,1219.664384,1543.110071,2483.241141,2686.826465,2022.1,1498.782297,1186.959012,680.9819133,804.7148127,734.9256031,509.3363162,417.1643664,400.8701862,489.6995914,676.3275048,611.3819796,688.8662616,664.5011597,0.299314061
Grenada,9.951851852,0.077777778,0.077777778,10.18888889,13.5962963,19.85185185,20.95925926,21.52222222,22.06296296,23.15185185,24.23333333,24.31111111,24.75555556,25.27834815,48.11111111,26.83611111,28.44318889,28.62493556,28.85032444,27.65259519,28.47510222,28.94881296,29.29435296,29.64588519,41,43.35471542,45.0701311,47.27275303,47.99359979,63.3653623,70.43071467,73.96577737,69.44612885,5.826017521
Guatemala,118.7,178.9,230.6,240.8,284.5,357.5,375.4,408,456.5,465.6,596.2,633.7536285,1600.192057,2146.9599,2627.5,3066.6,3700.1,4236.2,4425.6,4002.15502,4224.67996,4533.04895,4965.27417,5303.72762,5751.44299,6481.89646,7362.67402,8393.8821,9437.6745,10655.60136,11405.4392,15395.39025,18112,19.83398673
Guinea,0,0,0,0,0.49,0.74,1.072,1.48,4.98,6.015879,1.166455048,8.715870258,15.19,111.0460171,41.64,41.57,29.5,15.07,61.52,52,46.26,64.5,66.3,93.01,121.4258532,130.5823084,52.17078086,44.66,28.43,158.13,22.53,343.91,40.58138,0.205527374
Guinea-Bissau,1,0,0,0,0,0,2,2,0,0,0,10.02812257,17.63157531,23.12627794,27.69907395,19.89883208,25.51970243,43,49.46055225,48.85041382,45.89027797,52.11012036,45.63518442,63.78768442,92.4196765,84.952814,56.43126,105.1795575,127.9835328,151.1852449,174.9384092,178,178.0031649,10.96078602
Guyana,0,0,0,0,0,0,14.6,15,14,20.5,27.3,22.3,51,99.3,153.009,201.289,218.076,278.496,273.8960143,262.0658459,367.8054063,412.2,469.2584055,328.1526585,329.6581049,302.8,269.1739929,322.3406175,333.692746,380.358401,438.3815059,392.6285,400.48107,2.698841364
Haiti,0,0,0,0,0,0,0,0,327.3,422.05,578,623.58,675.66,811,931.54,986.154,1062.869,1222.089,1369.753973,1375.546872,1473.804721,1551.366394,1612.32605,1780.995274,1977.033926,2195.560227,2358.626245,2614.165424,2966.237967,3026.149514,3455.27784,4196.393883,4532.105394,22.45617577
Honduras,62.9,82.6,112,63.8,89,124,157.3,190,225,328.3,474.49824,610.44153,801.39897,865.3890508,1169.10406,1805.19492,2358.4689,2613.644663,2821.344123,2477.339131,2617.906839,2810.592536,2920.369783,3098.239342,3369.514367,3666.201327,3863.739159,4322.761614,4776.545983,5401.465665,5588.646521,7203.426673,8283.940674,27.10004146
"Hong Kong SAR, China",0,0,0,0,0,0,0,0,153.6,130.4545601,135.5382065,152.8450078,120.5295608,119.6911179,239.8565675,296.7611893,294.0336324,316.8666901,355.347245,347.7924469,339.5693689,351.6385093,366.8152673,360.2375414,372.4490601,386.7505526,399.4928892,436.8984386,424.5738146,451.2467221,426.5725796,460.8251504,570.9174805,0.15498353
Hungary,0,0,0,0,0,351.7,326.9767669,296.1609551,315.2090054,336.0493113,363.1740297,364.2564769,443.5565526,466.9935159,632.5551081,731.503155,858.6563445,975.984331,1312.202577,1575.172936,1849.914264,2305.025006,3147.775617,4159.619081,4202.893825,3953.857949,4171.221937,4123.722118,4404.806612,4964.320442,3819.835626,3486.769081,2403.686768,1.301745871
Iceland,45.7689321,50.83643143,52.69925945,46.88455743,41.43115452,36.3,33.29043177,40.95712406,28.93939472,31.1160198,35.74518045,39.34622356,64.78212572,48.98014554,61.00785181,65.77299279,80.28882038,110.0136852,120.129226,94.04851352,135.5584712,150.9204658,154.5337914,207.3408179,217.7282987,216.9415585,209.0820927,188.4179478,173.8754341,184.0843102,165.4810947,190.2552501,164.4316406,0.593573174
India,2383.740066,3289.109445,2897.425637,3522.788021,5856.694458,6222.996282,8765.693607,10330.96504,9479.30035,11124.28084,12883.46596,14273.01878,15735.73629,20999.15098,18750.37711,22125.08948,28333.64228,37216.75528,49977.27692,49204,53479.96008,62499.07544,68820.51784,69970.36085,70388.6428,68909.69335,62744.36409,68967.1755,78790.17093,83332.078,83149.17293,89375.15222,100000,2.883035814
Indonesia,166,130,229,346,449,651,796,725,958.17,1109,1190.2,1046,1258.917563,1488.709351,1866.31499,5419.620729,5722.357517,6174.34,6794.200933,6792.90728,6916,6923.970511,7212.196578,7614.41934,8551.164469,9659.168639,8906.655811,8989.529971,11215.34481,11666.39506,9650.926142,9402.427089,9700,0.752270966
Iraq,0,0,0,0,0,0,0,0,0,0,0,0,0,0,0,711.1,388.9,3.1,70.9,152,176.7,223,271,727,729.4,1004.5,986.4,1088.5,741.7,859.2,644.4,600,624,0.220591355
Ireland,0,0,0,0,0,0,0,0,0,0,0,0,0,0,0,512.3382504,539.3480537,589.4150669,633.3777469,573.2356938,658.0099289,756.001123,694.9963385,722.4346185,725.8,603.6135048,575.4848137,596.6770785,623.629069,586.6861335,276.0510177,179.8546196,248.9138947,0.047888686
Israel,812,877,1161,1264,1605,2102.3,2077,2170.3,2310.1,2738.2,2951.2,3392.1,3395.6,3131.9,3354.7,3736,3680,4402,4536,4619,4740,5074,4680,5688,6185,5890,6363,6194,5915,6188,6378,7701,6143.346191,1.165324528
Italy,5025.494576,3615.398335,2923.262101,2611.339772,2361.899804,2280.956929,2526.492823,2207.094305,2053.806689,1878.5,1789.501817,1932.443183,2272.672068,3023.192838,3688.753006,4091.531781,4075.828471,4595.241395,7354.812945,7041.290727,7975.133246,8731.247318,9166.139341,9436.137008,10099.25725,9607.744315,9512.833704,9742.186172,9899.652023,10458.51588,9760.15102,10258.42341,9000,0.450690909
Jamaica,228.7,181.3,215.6,239.2,507.1,639.1,690.3,715.1,741.5,775,877.7,1046.6,1241.6,1379.6,1601.198135,1761.628767,1923.735274,2122.091021,2156.5895,1889.494349,2026.445825,2105.6,2168.136683,2171.887541,2268.785014,2361.233874,2433.422796,2462.677565,2501.614919,2562.542095,3066.8735,3706.698183,3419,21.23075012
Japan,0,0,0,0,0,0,500.2,614.8820563,553.7586147,566.4738947,773.4067104,1249.546432,1126.867033,811.1411206,773.5747111,904.9812407,1176.98848,1383.930644,1732.378923,1594.532178,1684.468955,2131.729225,2539.577665,2363.853398,3733.912542,3325.097903,3830.448522,4443.028775,4369.453719,4388.723266,4887.784631,5290.974223,5000,0.116262279
Jordan,499.267095,447.9061041,843.6595862,1040.149997,1093.903294,1243.994528,1544.146685,1655.148096,1542.736248,1664.03385,1845.133992,2011.334086,2134.979288,2201.12835,2287.447109,2420.874471,2793.93512,3326.376299,3510.160301,3465.211268,3622.9,3683.943662,3848.309859,5342.816901,6369.71831,5348.309859,4374.647887,4431.971831,4471.971831,4652.535211,4881.126761,5162.253521,4646.028169,9.665934692
Kazakhstan,0,0,0,0,0,0,1.2,1.2,6.4,3.6,67.5,85.0394,111.2482077,42.19779,57.3773306,62.02192133,83.58986994,142.991414,125.5705474,198.2011876,225.5562343,179.7082907,282.9848489,341.4058707,401.3809961,294.2696759,384.1653778,560.4209639,618.039381,506.0760008,374.3912811,310.1585464,370,0.164929704
Kenya,0.218199909,0.203578128,0,0,71.36412071,87.49785306,87.54288142,506.6151368,531.912793,584.8542969,0,50.91442628,57.14347998,65.84529538,375.8113342,424.9910459,570.459274,645.2078714,667.317334,631.4608832,685.7572724,934.1,1211.021439,1304.277231,1440.84625,1569.26785,1744.639175,1962.273106,2720.366061,2838.192215,3107.932253,3770.089639,4091,3.56178934
Kiribati,5.143410258,6.058005579,6.023581713,6.101757154,6.899648511,0,0,0,0,0,0,0,0,0,0,0,13,13.94069155,14.3725214,14.04757598,15.64998056,17.03062596,17.6425067,17.25406488,16.3810311,14.0480451,16.29495964,17.95954139,19.97814663,20.07519114,14.91612428,15,15,7.246376812
"Korea, Rep.",2244.5,2489.1,2685.9,2633,2757.5,3294.6,3372.5,3906.8,4970.3,4346.1,4523.5,4516.2,5134.8,5875.2,5935.2,5200.4,4849.5,5154.9,6978.1,5999.5,5853.7,6602.2,6589.1,6475.4,6573.5,6463.9,6523.6,6526.4,7125.1,7166.1,7434.8,7704.2,7877,0.454213367
Kosovo,0,0,0,0,0,0,0,0,0,0,0,0,0,0,621.9087135,701.5901779,771.4674846,919.8923997,1046.52303,1056.112084,1006.678235,993.3766698,945.6134957,1058.4,1098.945957,971.4163878,985.7984593,1112.078354,1235.727938,1248.990731,1436.087664,1689.313357,1600,17.31227007
Kuwait,0,0,0,0,0,0,0,0,0,0,0,0,0,0,0,0,0,0,0,0,4.808113945,5.63545626,2.613869436,4.224467043,3.839517358,34.26589453,3.992522746,22.95178693,27.71638899,25.70037472,22.51747108,23,27.17888641,0.014805896
Kyrgyz Republic,0,0,0,1.785,1.002,1.243,2.44,2.74,2.2142,1.1435,2.243715,4.5339288,30.2931986,70.327782,179.05744,313.2502583,473.0719157,704.0046678,1223.272673,981.9640025,1266.2,1708.694028,2031.374213,2277.998114,2242.827292,1687.701982,1994.607958,2485.77806,2688.570122,2410.507185,2422.824642,2792.498249,3050,31.28205128
Lao PDR,0,0,2.2,2.6,0.5,0.4,0.5,0.5,0.6,0.6,0.66,0.694575,0.72930375,0.765768938,0.804057384,0.83,4.237233,6.203732835,17.77460343,37.57633507,41.77422463,110.2978131,203,170.4367681,188.0482397,189.2123136,189.361894,242.7085781,239.879527,296.5165667,232.166104,224.4425212,200,1.230769231
Latvia,0,0,0,0,0,0,40.771,45.709,49.4,48.6,252.1,273.6926988,112.5597958,157.5030543,218.5661906,379.0536878,480.1300501,550.4873147,1920.429181,1586.661134,1257.366065,1505.693369,1498.595198,1604.442121,1553.480634,1335.768739,1234.94549,1274.146124,1237.34932,1142.611838,1088.349705,1317.404608,1500,3.695673598
Lebanon,0,0,0,0,0,0,0,0,0,0,0,0,2544.451535,4742.999661,5591.436083,4924.310615,5202.23775,5769.24,7180.59,7558.138454,6914.055025,6877.547082,6671.241575,7566.58934,7190.794585,7480.817047,7605.729645,7061.853364,6977.962174,7410.02134,6633.29386,6393.53,6841.0771,37.84409526
Lesotho,998.5881331,1022.332372,1121.339278,1037.070182,1132.74644,1086.08039,930.8767423,873.8434774,631.2037834,524.8870563,477.597131,401.2577722,388.6790663,556.8650028,627.1551124,599.3,613.8645883,638.151333,575.8568858,547.9250964,610.1247699,649.3357497,554.558512,462.9188228,392.9943391,370.8284777,453.5295948,549.8100843,581.8038164,543.7069036,468.0432529,499.1748716,526.6294895,21.00636177
Liberia,0,0,0,0,0,0,0,0,0,0,0,0,0,0,58.44687611,31.85495565,78.81494228,61.97717809,58.12223158,25.11690433,294.2,523.0025074,546.8223594,412.7477093,512.0002676,654.4244795,580.1277514,403.4758727,459.9247321,346.2440916,338,338.0658383,351.182,9.004666667
Lithuania,0,0,0,0.034529883,0.743072104,1.095,2.575,2.9275,3.425,2.995,49.9425,79.15,109.2480456,114.8339983,577.5,745.2713345,994.4080395,1433.095298,1565.309357,1239.844221,1673.160029,1955.415494,1507.182354,2059.903381,2113.240954,1372.817412,1279.932372,1302.553154,1386.978491,1303.940311,790.5795094,778.0773998,700,1.028942688
Luxembourg,0,0,0,0,0,0,0,0,0,651.5041598,578.5263809,576.6375359,770.6,977.2107791,1112.306265,1188.806929,1293.535584,1479.294565,1661.639088,1676.276507,1669.576588,1810.620151,1717.898508,1921.579735,1888.091668,1675.230438,1739.875976,1907.535913,2098.194469,2041.361756,2190.538623,2273.397812,2000,2.43445237
"Macao SAR, China",0,0,0,0,0,0,0,0,0,0,0,0,46.6,47.74074137,53.33468902,53.15023934,55.46511219,54.38582193,51.59891344,48.38180927,46.85350875,48.29266947,46.90706412,48.65908305,36.86480029,39.52760917,27.58863977,25.42568627,22.80120546,21.81598846,19.11810584,19,16.96586418,0.072441777
Madagascar,4.477472091,9.028201552,12.11395054,11.73069563,10.882408,9.102989436,6.241918029,12.18451995,11.46212723,11.62199474,11.27007255,10.87129609,29.32359614,16.2315477,11.5066542,101.7,150.260189,254.4886969,313.9919411,283.7212766,455.8255442,335.015247,330.4956199,357.7543309,344.438244,326.8445414,299.2046261,342.7769779,425.5022257,407.6762042,495.3565274,614.6394796,717.8989122,4.752409057
Malawi,0,0,0,0,0.766905838,0.523432035,0.647354187,0.744944638,0.746886715,0.746883915,0.74688621,0.74688597,0.843693591,13.9,18.3210164,22.53187949,14.78997769,21.01352196,16.67429696,16.65671007,21.76766362,25.32023069,28.30329899,34.13232231,38.48716924,41.49397704,39.05313313,78.88038423,181.0673275,280.9131546,231.6508645,258.8556104,266.6212787,2.307610167
Malaysia,185.2211285,130.1786623,153.0982773,175.5956948,119.27187,115.796006,164.1531951,194.4410708,189.5843287,322.8947368,342.3684211,367.1052632,435,571.0526316,801.8684211,1116.97256,1365.476253,1556.236305,1329.07085,1130.872358,1102.9,1211.496096,1293.805738,1423.370252,1579.517557,1643.720838,1603.918551,1648.944928,1685.578502,1597.353742,1426.684075,1565.2484,1620,0.373221152
Maldives,1.7,1.8,1.6,1.3,2.17358182,2.36577902,2.70775611,2.45207646,2.45,2.19685487,2.19685487,1.82311875,2.01219212,2.01219212,2.90009228,2.25725,2.8,7.934160761,6.265651333,4.510691347,3.15919848,3,3.147415886,3.304786681,3.470026015,3.643527316,3.825703681,4.016988865,4.217838309,4.428730224,4.650166735,4.882675072,5,0.084745763
Mali,106.9179758,93.01438278,116.5506446,125.6168808,103.1871676,112.1109415,110.7198337,91.72487462,84.46283603,86.3400504,73.34612069,88.24440682,138.3035473,154.1445021,155.7426072,177.2,212.0301814,344.3760722,432.7353858,455.5666513,473.2067808,785.1354461,827.417012,894.7633662,921.4906037,816.9302327,827.2425329,885.4446631,1022.573592,971.7009361,997.1370838,1053,1094.426691,5.937000603
Malta,58.21139746,42.01798959,30.49008644,25.45454228,23.5472441,15.19028923,13.12156731,9.111576984,13.09715038,20.1352486,17.49706134,12.93012942,21.20164469,25.79480404,319.2,222.0825888,208.7959741,229.2866984,264.4624056,259.9029169,229.5663407,227.12491,200.1084415,245.8784501,252.779864,274.4002666,251.4287165,269.5451907,277.3334493,264.7262481,280.1821835,284.3468549,271.3170471,1.581470314
Marshall Islands,0,0,0,0,0,0,0,0,0,0,0,0,0,0,0,23.7,25.99330122,25.14195952,23.06484528,23.58655116,22.21493355,22.14527141,23.2367982,24.55543491,26.0815493,27.34002891,28.34002891,30.450053,31.450053,0,0,31,30,11.0701107
Mauritania,13.70814673,11.73946204,50.13401052,2.268102396,4.89581226,5.448170458,4.365199859,2.693388357,2.207179523,0,0,0,0,0,0,0,0,0,0,0,0,0,0,0,0,0,0,77.2,60.39185666,64.45891364,168.6651756,168.7,168.0252,1.665099594
Mauritius,0,0,0,0,0,0,0,0,0,0,0,0.615851281,0.633981313,0.573714312,0.729710022,0.609194496,0.728800695,0.70359497,0.633706428,0.660462957,0.814358909,0.518994669,0.8619426,0.6,327.0380038,223.5777814,194.0666291,250.2431349,244.6212625,318.5116662,284.7282984,272.4745958,278.8,2.42498043
Mexico,3098,3030,3700,3979,4121.82,4368.12,4949,5545.8,6501.246,6648.625182,7524.74298,10146.263,11029.4481,16653.68641,19861.74796,22741.84092,26542.8,26879.86316,26041.48918,22075.735,22080.25915,23445.66052,23208.64919,23188.81196,24802.08133,26233.1718,28690.95741,32270.50768,35768.41663,39021.78968,42878.27491,54130.11145,60300,4.232966172
Moldova,0,0,0,0,0,1.02,87.08,114.32,122.17,110.41,177.58,242.21,322.59,484.02,701.37,915.08,1175.82,1491.26,1888.02,1352.3,1752.83,1813.11,1986.44,2191.54,2075.92,1540.12,1467.22,1637.87,1837.93,1909.91,1876.62,2084.63,2170,15.44703872
Mongolia,0,0,0,0,0,0,0,0,5.5,7.873673737,1.101304348,26.68478261,68.69585926,79.3554471,202.5080114,176.9485041,155.1919203,178.0297,224.5952472,199.6186943,266.2425605,249.6426208,323.8364151,257.1347217,255.121827,260.9107698,259.8763592,273.3649981,440.5541403,560.9304204,548.8333354,535,500,3.180661578
Montenegro,0,0,0,0,0,0,0,0,0,0,0,0,0,0,0,0,0,196.4250724,298.1042361,303.1650477,416,509.6077322,507.5009214,545.3084401,543.3541886,469.7346523,480.8441291,522.9973135,588.9079416,584.3155219,600.7032238,793.5924655,920,15.01550514
Morocco,2006.347306,1990.22575,2170.446393,1958.981583,1827.069512,1969.500647,2165.473713,1892.809709,2010.637642,1938.105631,2160.962378,3260.920244,2877.152601,3613.916567,4220.836008,4589.22682,5451.371055,6730.472441,6894.287729,6269.117561,6422.54153,7256.310892,6507.905288,6881.69996,7788.7,6903.543638,6383.473884,6823.002118,6919.419948,6962.578453,7414.138466,10704.83004,11401,7.979758389
Mozambique,0,0,0,0,0,0,0,0,0,0,0,0,0,0,0,58.89188544,80.03249216,99.38583574,115.7439721,111.1252632,115.7772345,129.6697695,174.1074242,152.4109987,155.4649659,142.8791365,93.37268955,257.9367725,296.0701989,299.5675892,348.8138133,453.9720658,544.766479,3.047985671
Myanmar,5.910627679,1.536846391,0.276967138,28.2457124,41.56373889,80.57503292,122.4501053,147.205581,135.8229628,135.053918,102.1526048,116.1581756,105.3856463,84.41213169,116.5731158,129.4889279,115.1681641,81.00905789,54.74402017,54.47203222,114.8548493,127.0759811,274.6160617,1643.9,1807.677675,1933.727555,2254.714796,2452.869388,2673.495005,2553.189788,2671.163002,2000,1900,3.191668067
Namibia,11.51770573,13.07348129,15.35756747,14.53603316,14.89805814,15.60481764,13.51367329,13.30306206,11.21505301,9.901885805,9.161114181,8.454651754,7.555142476,11.79115198,14.59446181,17.49863463,16.44277705,15.68209094,13.56341597,76.5,69.20729923,78.75519052,80.11467313,64.10303495,80.72193511,46.67369335,66.4792647,48.29244747,53.67069133,65.59351723,64.02688305,46.48332087,44.15915483,0.353612707
Nepal,0,0,0,54.82510376,50.11851811,56.82266694,44.16012607,49.45805788,67.50490292,83.46278029,111.498192,146.9851519,678.485892,771.0721265,822.6089552,1211.823253,1453.231426,1733.858518,2727.140487,2983.336877,3464.092682,4216.89401,4792.5062,5583.702128,5888.650155,6729.935671,6611.838544,6928.133767,8286.629516,8244.465869,8107.744662,8203.258737,8500,21.77923542
Netherlands,465.4836835,439.5058607,496.8736769,479.7455575,510.8186433,664.9284981,697.1155916,661.403843,631.1152408,485.5861173,425.8029338,482.7599323,484.1178433,1120.669354,1298.3,1258.740178,1552.637654,1630.181336,1649.099406,1713.130796,1720.053466,1788.734673,1640.149697,1618.625741,1482.63575,2298.091259,2159.875374,2226.489767,2450.095813,2234.076588,2112.68313,2370.476003,2000,0.201901305
New Zealand,0,0,0,0,0,0,0,0,0,0,215.3,0,232.5218121,290.4159297,322.2731813,352.0359378,334.6843355,383.6528922,421.3630245,331.0414145,370.5029453,455.3163556,461.7825642,459.2391084,535.1056001,531.7362553,528.0724466,538.5927097,508.9523748,462.9527365,147.7084032,16.97493174,25,0.010300783
Nicaragua,0,0,10,25,50,75,95,150,200,300,320,335.7,376.5,438.8,518.8,615.7,697.5,739.6,819.9,770.3,824.8,913.6,1016.3,1081.3,1140.2,1197.5,1268.1,1394.7,1504.8,1686.4,1855.4,2150.9,3126,19.91717107
Niger,13.89088919,13.01988674,18.17207781,15.87074114,6.903760055,7.705122966,4.498072659,5.335212275,18.78289121,26.63803399,14.46055287,21.9921501,19.05542448,25.53899937,59.81931526,66.39629161,78.17763535,79.45532989,94.10537242,102.1256042,134.4235475,166.2,151.83437,145.9122391,219.080292,171.586253,176.3709073,264.0412776,296.67756,308.6618888,520.9437298,541.7,533.5930002,3.645009907
Nigeria,10.00854002,65.54471433,56.44840441,793.1540255,549.8727041,250.0430072,296.5873373,585.7384098,448.5468248,1301.055577,1391.826072,1166.614598,1208.958588,1062.820789,2272.734507,14640.08431,16932.14408,18014.43079,19199.97404,18370.79691,19744.75506,20616.7725,20542.88446,20797.07396,20999.1,20626.04692,19697.938,22037.01683,24311.02242,23809.2814,17207.54731,19483.40206,20945,4.154080797
North Macedonia,0,0,0,0,0,0,67.78,77.69,63.2,76.537013,80.92099,73.439228,105.902711,173.661464,213.016054,226.568479,266.556404,345.010224,406.625951,381.153563,387.931157,434.124447,394.153574,376.0682169,366.518601,306.656775,290.838022,314.499343,344.454462,317.088137,412.935987,489.4297132,450,3.191263031
Norway,48.87911558,55.8873608,189.8784845,166.3347216,170.302323,238.7391876,308.864865,288.9159895,300.6091405,287.7575419,270.4496735,278.9711957,332.6347943,391.7005841,464.9724588,505.278425,528.8330996,616.6765148,684.9709504,631.4712713,679.9715403,764.9941899,766.5,791.457692,759.9475904,608.9424523,593.573549,615.7765101,644.3471303,615.7421732,592.5169963,671.7846435,600,0.118881798
Oman,39.01170351,39.01170351,39.01170351,39.01170351,39.01170351,39.01170351,38.99999949,38.99999949,38.99999975,38.99999975,39,39.01170351,39.01170351,39.01170351,39.01170351,39.01170351,39.01170351,39.01170351,39.01170351,39.01170351,39.01170351,39.01170351,39.01170351,39.01170351,39.01170351,39.01170351,39.01170351,39.01170351,39.01170351,39.01170351,39.01170351,39,39.39203644,0.036149764
Pakistan,2006.26694,1548.698415,1573.619007,1446.277135,1749.277045,1712.219436,1284.050241,1707.282925,1172,996,1075,1461,3554,3964,3945,4280,5121,5998,7039,8717,9690,12263,14007,14629,17244,19306,19819,19856,21193,22252,26089,31312,29000,7.702666451
Palau,0,0,0,0,0,0,0,0,0,0,0,0,0,0,0,1.5,1.5421848,1.52949647,1.604639526,1.590526341,1.68546137,1.967273556,2.360256649,2.359934249,2.218252449,2.273734061,2.360132693,2.176267575,0,0,0,2,2,0.884955752
Panama,109.7,108.1,102.4,108.7,112,112,86.2,64.3,58.2,48.3,16.4,73.1,84.6,106.8,108.9,129.6,300.5,355.3,378,337,410,368.2,410.9,461.4,756.4,554.2,502.5185,533.3559,537.8772,580.854157,455.7122371,567.6847443,596.0689815,0.838529903
Papua New Guinea,0,0,0,0,0,0,0,0,0,0,0,0,5.66103992,6.993823142,9.526191358,6.846522757,4.41211138,7.622440284,7.350469363,4.734583324,3.501731446,12.29974609,14.25441222,14.28089013,10.47411513,3.944547935,2.694279502,4.262316573,3.670805657,0,0,2,2,0.006377144
Paraguay,33.8,42.4,63.9,94.6,147.9,134.9,136.9,141.2,142.6,148,151.7,140,98.7,109.5,132,161.3,336,340.786,362.63,377.3,409.885,540.67,634.1,623.28,506.64,553.6404,656.8584,704.0736,682.8699658,665.9902825,583.7149889,585.3840462,554.3586918,1.324474237
Peru,87,148,240,289,473,599,597,636,647,670,717.66384,753.2114395,705.3824931,868.5,1132.71359,1440.067536,1837.494274,2130.814663,2443.644585,2408.698137,2533.910907,2696.961723,2787.954663,2707.24639,2636.539865,2725.062654,2883.886545,3051.238954,3224.8,3325.921219,2938.616916,3591.690873,3699.441599,1.54572984
Philippines,1465,1850,2537,2587,3452,5360,4875,6799,5130,6693,6924,8760,9735,10239,11468,13732.6,15496.08846,16437.43409,18850.67242,19959.50764,21556.63384,23053.62602,24609.67961,26716.84027,28690.7979,29799.3957,31141.97348,32809.77043,33808.96799,35167.47183,34882.84455,36685.31317,38000,9.46069083
Poland,0,0,0,0,581,724,774,848,1070,825,1496,1563,1685,2284,5186,6471,8486,10468,10475,8174,7712,7768,7041,7457,7468,6834,6764,7302,7603,7063,6727,7131,8000,1.116842686
Portugal,4478.965989,4717.690881,4762.223951,4315.121529,3805.934311,3952.52016,3708.17245,3487.517949,3531.591603,3643.575297,3496.069445,3647.399493,2927.464736,3039.80679,3302.861377,3221.546879,3478.523537,4155.097548,4298.091659,3781.073824,3733.788192,3923.615628,3992.981865,4452.382915,4504.042779,4048.079972,4125.79318,4504.987783,4801.241417,4717.2193,4848.611061,5127.640513,4694,1.834640068
Qatar,0,0,0,0,0,0,0,0,0,0,0,0,0,0,0,0,0,0,0,0,0,573.6263736,803.2967033,574.3956044,498.6263736,437.0879121,378.5714286,665.9340659,467.032967,576.6483516,651.6483516,858.7912088,624.4639893,0.282091887
Romania,0,0,0,0,11,9,18,16,49,96,96,116,143,124,131,951.8,1160.464158,1624.282412,1702.335818,682.4634912,641.3866145,694.1163834,733.2186175,4805.772256,5083.522749,5391.416914,5929.792425,6555.658959,6983.986125,8142.029279,7625.731191,9159.745933,11064.32031,3.689521087
Russian Federation,0,0,0,0,108,165.9,101.5,226.75,301.17,425.21,499.95,986.41,935.98,1113.7,2206.75,3436.56,3820.38,4666.33,5736.97,5105.06,5250.02,6103.27,5787.73,6750.81,7776.54,6903.39,6688.67,8235,9287.27,10432.48,9914.97,9646.92,6000,0.28128182
Rwanda,0,0,0,0,0,0,0,0,0,0,0,0,0,0,0,0,0,0,0,0,106.5,174.2024855,182.4024781,170.1994225,183.5936359,159.199957,172.516841,215.2923948,260.5116156,260.7102947,280.0691305,391.213,469.4556,3.880439742
Samoa,42.86422433,34.80964435,40.0355457,32.27434779,37.48268517,40.52309823,44.27390102,46.58956007,42.00242665,44.67082975,0,0,0,0,0.897780373,81.6,87.08573427,96.64960741,109.0082263,119.48934,138.5047718,159.5836307,177.695228,164.5834177,140.501951,131.1557623,130.7678593,135.72694,147.5675037,155.2148064,204.1605213,248.4429332,280,33.73493976
Sao Tome and Principe,0.31,0,0,0,0,0,0,0.8,0.5,0.56,0.4638,0.553670314,0.797330561,1.821460088,1.1,1.5,1.6,2,3,2,6.363257454,6.881334487,6.35888979,26.56672292,26.82784881,19.98019689,18.04484056,18.19206723,17.77613048,11.11442937,8.620359248,10.59149164,10.46439374,2.068062004
Saudi Arabia,0,0,0,0,0,0,0,0,0,0,0,0,0,0,0,93.9,105.6,123.4666667,216.1866667,214.4,236.48,243.7333333,245.92,268.7733333,273.304,295.4344,307.5218667,290.7746667,334.9146667,334.0293333,302.2530721,294.9143197,272.7030945,0.026984597
Senegal,142.0675817,162.5624845,175.6760121,170.0083397,113.8318903,146.0287085,150.4791991,150.4653219,147.4188294,186.0990409,234.0666472,304.9449801,346.1228514,512.0802173,634.0316448,789.2,926.0648348,1193.376016,1482.085064,1355.834397,1479.11982,1616.025933,1576.225069,1777.897284,1931.624793,1757.754462,1980.58147,2148.911385,2427.531906,138.2613911,2587.7475,2657.5,2710.65,9.841877859
Serbia,0,0,0,0,0,0,0,0,0,0,0,0,0,0,0,0,0,3764.2,3545.49138,4649.881251,4117.446496,3960.970272,3546.45514,4024.794307,3696.031997,3370.435504,3205.371734,3589.629282,4445.606867,4237.925901,3868.521648,4597.739283,5400,8.609556608
Seychelles,7.504440969,7.320124887,10.76120824,0.289489598,0.296685528,0.503992566,0.704227714,0.218847041,0.114020932,0.187175368,3.159009302,1.790853672,1.979914964,4.855111378,6.80831016,12.10109091,13.26955989,4.8,3.161817722,16.12348329,17.37695052,25.26192915,17.66907006,12.87432825,15.07595504,18.42423093,22.08702335,21.66124793,22.71369464,23.64821931,9.979686567,9.524809145,9.334312963,0.465551769
Sierra Leone,0,0,0,0,0,23.67362972,25.24663787,5.984620205,20.33060505,22.47689413,7.134994324,6.215277851,21.8154551,25.88925839,24.71483448,2.435105011,15.62233918,41.97385638,22.57860414,35.89600404,44.21858427,58.81161645,64.53408121,69.6606995,62.43010457,48.1636946,58.23046576,63.5568905,73.20782462,68.08102281,177.0319715,179.638,178.9512224,4.363599669
Slovak Republic,0,0,0,78.52511477,48.49244227,25.74291222,20.78735443,29.12889533,23.21436326,19.24201048,17.79579015,22.49826278,24.38875928,425.3240108,702.8,1210.904295,1343.434297,1661.512193,2050.364972,1672.288995,1590.890346,1753.891236,1927.193404,2071.687509,2395.643258,2138.338117,2119.834516,2164.333034,2210.599186,2544.685949,2463.633269,2235.476816,2300,2.045935704
Slovenia,0,0,38.3,52.2,272.9,270,275.4,238,224.5,222.9,202.3,198.2,212.7,230.7,260.9,261.1,279.3953756,320.2074305,380.2,173.4578641,164.4665183,210.350063,249.0867002,314.0825415,373.3284901,399.5064546,451.9757767,501.9994756,644.8424274,662.8629791,655.9097694,747.2970583,800,1.286359763
Solomon Islands,0,0,0,0,0,0,0,0,0,2.356276601,4.323108472,4.528052886,3.224827519,3.881133403,8.69648993,7.162382821,10.7,12.63292702,9.141559768,12.51445731,14.27862492,16.92891105,20.72305399,20.64017511,16.33508698,18.58789083,20.28271983,16.32876133,19.89901772,25.47412876,27.50884421,51.0316636,40,2.498438476
Somalia,0,0,0,0,0,0,0,0,0,0,0,0,0,0,0,0,0,0,0,0,0,0,0,0,0,0,0,0,1482,1577,1735,1735,1735,20.6154943
South Africa,108.135032,104.0396079,91.19470539,83.28518025,78.79107607,82.68721302,74.88575532,175.9982092,258.6055467,306.8623605,324.6637471,281.6124383,268.2,390.8004018,468.1177722,613.5774324,691.930201,792.3511906,783.6935278,862.0516311,1069.571381,1158.421806,1084.534306,970.6553372,913.4031037,825.2534799,755.4340489,873.8611606,929.0433811,890.0592937,810.881604,926.6508437,1019.315928,0.247719434
South Sudan,0,0,0,0,0,0,0,0,0,0,0,0,0,0,0,0,0,0,0,0,0,0,0,0,2,1138.72,1083,633.83,1267.16,80.44,86.51,1236,1186.56,24.80267559
Spain,2114.188051,2020.494225,2414.673454,2048.313374,2280.499615,2763.61649,2925.15176,2899.429894,3253.445179,4647,4862,5099,5584,6568,7540,6661.697776,7352.557774,8963.068983,9741.731933,8584.416221,8707.390657,9675.932436,9724.446324,10666.29206,10760.9015,10303.94266,10262.71898,10635.28038,10985.74592,9975.057295,8509.105652,9000,8500,0.611542908
Sri Lanka,400.7758091,442.0939942,547.8050383,632.3819601,715.1924153,800.969018,843.1730164,933.7312562,1013.33709,1064.301778,1154.285559,1169.81,1296.07,1423.47,1573.78,1975.536,2166.77,2507.3,2924.5,3336.7,4123.13,5153.01,5999.6,6422.186627,7036.326551,6999.731475,7261.851525,7190.296015,7043.039552,6748.702044,7140.414362,5522,3600,4.882084107
St. Kitts and Nevis,17.37777778,0,0,13.61111111,15.61481481,18.52592593,18.97407407,19.72962963,21.49259259,23.16666667,24.27407407,24.75925926,25.38655556,26.8104037,28.44733704,30.26623333,32.83455667,36.12964852,40.09924222,38.80315074,47.03306222,44.67484296,51.04948111,51.57013593,21.8,24.30501417,22.55366525,24.78835383,25.93946674,42.33381688,31.57781987,37.17578674,32.95281219,2.955409165
St. Lucia,14.59259259,16.00740741,0.266666667,13.91481481,19.92592593,21.20740741,25.17037037,23,23.56666667,23.95185185,23.82962963,24.13333333,24.56171111,25.11432593,26.3162963,27.06324815,27.83671481,28.60581852,28.90401481,27.99007,28.99365444,29.4444337,29.78945889,30.14693259,35.3,40.50066735,38.39053856,41.86301178,42.91994598,43.2172526,59.58873704,62.59660487,55.19932938,2.799154634
St. Vincent and the Grenadines,14.08518519,0.922222222,0.87037037,15.77777778,15.12592593,15.5,16.61111111,17.18518519,18.05185185,18.56296296,19.29259259,19.45333333,20.42933333,20.69991852,21.44848519,22.4174963,25.55708148,28.86557407,26.77655926,29.05717444,29.05570074,29.23637852,31.10908111,31.58770741,43.6,41.78992487,44.89712234,45.68950823,46.33928542,79.33818953,60.68930441,85.86167823,69.55938721,7.337488102
Sudan,61.9,45.4,123.7,75.2,107.2,346.2,221.52,419.6,686.6,665.1,640.8,739.6,977.69,1223.6,1402.95,703.7883857,800.828762,999.7107501,1590.626089,1394.395643,1455.5,824.2209093,595.8432438,619.5088034,506.5568219,151.3920105,153.4114663,212.9360099,425.2143506,522.3172878,495.3550925,1125.59,1013.031,2.368998176
Suriname,0,0,0,0,0,0,0,0,0,0,0,0,0,0,0,3.9,2.1,2.8,2.2,4.6,4.3,3.893784528,8.05749075,6.993693279,8.833808604,6.705559504,1.493543566,97.9,98.67875653,96.17738431,124.0286491,147.6161115,221.3470612,7.351280676
Sweden,114.4725127,168.713785,194.8370099,193.912219,211.8231408,255.2208369,269.9213038,315.8035671,125.5626252,363.9923617,437.8040329,578.1847686,512.1163099,1357.41237,1595.817025,1811.506054,2245.090114,3205.455117,4095.491169,3967.954238,4060.977951,4384.7,4293.492858,4595.689775,4561.329199,3396.671928,2820.821968,3109.01933,3074.011486,3184.90385,3091.100401,3336.408801,2564.787598,0.424688552
Switzerland,923.6528114,987.2442308,1044.645746,1052.438048,1212.114565,1473.188519,1390.360919,1208.285604,1226.985564,1221.5,994.9331495,1176.038086,1225.420693,1533.293466,1695.345813,1721.477365,1795.179912,1795.61723,2214.728946,2341.619109,2494.622577,2615.246749,2420.420106,2437.063152,2406.168041,2516.975789,2524.093963,2591.809298,2550.734395,2549.309963,2940.841129,3019.222346,2630.758057,0.325823558
Tajikistan,0,0,0,0,0,0,0,0,0,0,0,0,78.5628,146.0244,252.0021,564.3765448,975.8682291,1513.697962,2277.502898,1565.736892,2020.5,2722.464917,3222.350605,3697.730868,3384.055195,2258.64322,1867.398638,2237.179088,2183.340531,2321.884645,2186.807504,2921.713107,3200,32.05449264
Tanzania,0,0,0,0,0,0.840348209,19.31801854,1.586283791,11.50042292,7.200008943,8.000014826,15.253,12,8.9,13.79841836,19.3663,15.380675,25.4613844,36.81974778,39.82709351,344.3,409.5633662,390.1388881,381.9307842,389.484432,387.768413,402.5314583,402.6347218,412.910078,433.4998134,326.1607278,569.4,609.258,0.795562926
Thailand,973.2445308,1019.360124,444.5649628,1111.689415,1280.921336,1695.279817,1805.949705,1658.406238,1424.46682,1460.133614,1696.785433,1252.447488,1379.995429,1607.350389,1621.875957,1187,1333.36,1634.85,1898.41,3808,4433.16,5255.62,5656.788795,6584.860455,6524.114892,5894.665233,6270.025972,6720.117054,7466.081912,8162.162551,8256.962268,9065.391618,9500,1.776504512
Timor-Leste,0,0,0,0,0,0,0,0,0,0,0,0,0,0,0,0,3.64232226,10.44487788,17.65548151,113.3478538,137.1359476,136.8960018,119.8598078,33.64974671,43.67989514,61.6,80.1746,87.04451413,96.32093213,100.3846356,155.4604685,168.6148797,185,7.535641548
Togo,26.8745733,28.97128622,16.24530865,11.71765,15.30606651,15.02158398,29.3713784,26.25972978,18.57100948,22.87020229,34.3195244,68.562477,103.6999112,149.0211822,179.3384778,192.5770489,232.3750103,284.8253158,338.4237354,335.8541544,336.9258957,244.4,344.740603,397.4720164,427.8613546,363.7418028,367.1668764,403.610143,450.8145046,507.962802,650.3856102,674,668.2132995,7.993938264
Tonga,17.19048321,23.9450183,18.04150511,20.30541684,21.29071066,0,0,0,0,0,0,52.8098982,62.2022152,58.58370713,65.44653841,68.96160402,78.00332775,81.8011971,103.4824598,81.92155269,74.02995414,84.3,91.2487002,122.6799102,119.2910803,129.2781188,126.2335353,158.6026015,183.4351317,190.3663304,190.5512428,213.4945798,250,49.9001996
Trinidad and Tobago,2.988235294,4.8,6.188235294,18.25793965,25.67119297,30.39781544,28.12625285,30.19989032,44.56752866,54.4,38.10000202,40.90000219,79.1,86.8,86.9,92.4,91.2,109.4,94.5,109.3,90.9,161.8,138.7850567,145.1295937,144.8302102,155.2027978,145.1627432,135.0926066,138.7083226,144.0139097,194.4376359,233.446026,172.1361847,0.586754558
Tunisia,551.0436433,524.5393382,531.4137112,446.329982,628.7354854,679.8836902,735.55976,684.5051956,718.3472744,761.2383823,795.9533566,927.1484053,1070.313233,1250.253856,1431.351033,1392.672713,1510.039255,1715.757367,1976.964229,1964.488715,2063.294677,2004.498798,2265.714118,2290.512364,2346.621114,1971.375773,1821.247343,1890.325181,1902.286981,2049.663194,2367.372579,2194.5,2084.775,4.504504991
Turkey,3246,2819,3008,2919,2627,3327,3542,4197,5356,4533,4560,2786,1936,729,804,1368,1833,2096,2439,1834,1819,1883,1881,1901,1739,1395,1186,1048,1122,810,795,705,710,0.083188145
Uganda,0,0,0,0,0,0,0,0,0,232.6,238.1,348.6,441.83006,298.7851842,310.5324649,321.808493,411,451.5718759,723.5210027,781.0973194,770.789132,816.2318108,913.2641907,940.6643793,887.6113094,902.1575405,1146.050427,1165.739411,1338.053925,1424.508663,1061.9025,1082.74,1131.4633,2.340054806
Ukraine,0,0,0,0,0,0,6,12,12,18,419,829,1192,1523,1873,2408,3102,5290,6782,5941,6535,7822,8449,9667,7354,8474,9472,12132,14694,15788,15213,18060,18421.2,13.86094808
United Kingdom,977.173058,971.5964821,971.6866046,892.0198699,1044.822663,1399.144401,1421.446438,1648.877895,1391.991979,5447,5074.369393,4955.597476,5235.071153,5688.562225,5938.297739,6045.16608,6105.706286,6556.335761,5995.100746,5242.981857,4951.404773,5099.003471,4944.716073,4804.502413,4935.585091,5003.393486,4582.283767,4306.298127,4389.713567,4214.814558,3248.094194,3522.94379,2501,0.078193636
United States,1170,1300,1796,1820,1943,2179,2181,2270,2437,4246,4395,4513,4570,4672,4734,4795,5068,5219,5364,5740,5930,6104,6303,6613,6503,6578,6330,6347,6941,7049,6627,6899,6097,0.024353745
Uruguay,0,0,0,0,0,0,0,0,0,0,0,0.00603803,36.053,61.753293,69.896167,76.74039,88.93462,96.476,107.912,101.073,124.891,128.836,91.6,98.84847842,97.83078521,90.26705823,90.44315301,109.3815548,113.9576994,112.271708,111.1173913,125.7334152,127.1164828,0.178632232
Uzbekistan,0,0,0,0,0,0,0,0,0,0,0,0,0,0,0,1029.420731,1420.598737,1708.896238,3631.858649,2179.877472,3437.519158,4910.053573,6089.643562,6443.498684,6815.207509,4843.179722,5795.1,7130.151739,7609.613692,8545.813107,6979.795069,9197.526465,13500,17.06333658
Vanuatu,6.888202171,6.967350996,6.813022774,4.943892324,5.758934223,6.128563705,0,0,7.780195752,9.620368634,13.50673014,18.43038556,4.097122925,3.995373326,4.930017207,5.097613246,4.989726638,5.543183072,8.906629699,11.49204372,11.8,21.76588649,22.03653753,23.71013091,64.09105225,104.1931067,80.5344706,26.17784446,35.21941633,74.99709761,97.95338381,169.0120662,75,7.62195122
Vietnam,0,0,0,0,0,0,0,0,0,0,1340,1100,1770,2100,2310,3150,3800,6180,6805,6020,8260,8600,10000,11000,12000,13000,14000,15000,16000,17000,17200,18060,19000,4.591501373
West Bank and Gaza,0,0,0,0,0,582.1,542.3,623.3,1058.245498,1096.285162,863.8,805.7424632,771.7751176,310.0779684,398.558393,378.3372389,464.0563179,598.5434232,740.7243655,755.2359079,927.1393866,1141.713036,1737.049553,1489.335822,1804.542445,1817.412109,2086.576176,2378.923437,2833.912788,3152.859814,2559.660846,3393.3649,3495.165847,18.57352454
Zambia,0,0,0,0,0,0,0,0,0,0,0,0,0,36.3,48.4,52.9,57.68,59.3,68.195,41.264,43.657312,46.27675072,72.864,53.98026206,58.30030243,47.04653813,38.464441,93.64409526,106.9656259,98.25912081,134.8648317,241.6884132,260.15,0.962627197
Zimbabwe,0.487598782,0.282918598,0.410771596,0.508733804,0.599091557,0,0,0,0,0,0,0,0,0,0,0,0,0,0,1205.7,1413.248657,1919.476002,2113.579668,1890.271473,1903.970852,2046.579806,1856.034931,1729.883817,1427.703019,1417.011953,1832.039381,1982,2047.406,5.348500522
