Outward remittance flows (US$ million),1990,1991,1992,1993,1994,1995,1996,1997,1998,1999,2000,2001,2002,2003,2004,2005,2006,2007,2008,2009,2010,2011,2012,2013,2014,2015,2016,2017,2018,2019,2020,2021,%GDP_2021
Angola,150.0,124.5,121.637,132.9,148.9,209.546,173.802,179.95,201.65,263.07,266.29,216.06,223.50795912,229.84996999999998,296.0095912,214.9052159,412.66678497,602.6714512799999,669.453676,716.0,714.458886,564.261541640106,2051.320868263263,2395.9658557973194,2746.6158731854075,1252.9090116900002,1176.11031356,961.4152762399999,681.6270154922674,549.0820425510593,576.4714367789888,445.40014382405803,0.5924528709134971
Argentina,0.0,0.0,142.8,163.10000000000002,176.6,195.20000000000002,207.29999999999998,231.70000000000002,246.5,250.3,267.7,256.09999999999997,119.55000000000001,180.41,234.47000000000003,314.01,356.5,463.19209727043307,631.436069113049,766.5715483081789,1037.765445694394,1137.05450560572,979.2059223331753,887.8034865611369,732.4145571459818,685.0013659142787,769.2420579867332,1060.484529955312,1010.3755356443319,694.8990630521067,545.1515252350846,588.5597441915966,0.12092815402270722
Australia,601.367466962332,522.6171286336405,457.80604958798176,441.5629340398448,487.6955221575963,570.2,728.1777537769644,771.0925380146127,796.7006728732041,870.8548033883096,868.990623794047,855.0783674215286,991.4884924146961,1380.8071378144095,1608.9665095388423,1531.0792164499176,2051.2272194533475,2980.8708740737566,3366.427026749123,3224.4011816774973,4655.461396622254,6597.638171474064,7084.418881546252,7253.781716439253,6953.239775091641,6037.610106728199,6179.374297708557,6793.253706781762,7267.729293558821,7439.097688915976,4358.562385292666,3804.2128168561417,0.23263728390105162
"Bahamas, The",38.7,49.5,28.8,27.3,28.0,31.7,33.2,36.800000000000004,39.3,47.1,56.17,53.62,57.66973,62.75,71.39,83.96435,100.28999999999999,94.99000000000001,65.92482,63.34,88.03999999999999,119.727,139.704,138.725,150.8192409824,178.8001407306,193.8485178571,262.3281674932,210.70145042809997,206.89999999999998,235.46849352000152,246.1343280200017,2.1958633956642135
Belize,7.15,5.7,6.0,6.0,6.5685,6.8815,6.875,7.55,6.8999999999999995,5.9721245000000005,6.435358715,16.029825407301963,16.651088771768524,19.74950896578509,18.013818139463524,19.332237978542018,20.60862833764989,21.45497541592177,27.977571046178973,22.50892220453628,21.99180770542831,23.5,26.32684622594624,31.523217674276836,33.26979750727424,41.16136053044011,45.20222080037393,45.60761989013333,42.97910073585681,41.88105182840853,42.407418735984116,41.69320535536964,1.7185987368247997
Benin,20.687581535308553,20.727602966869217,21.149125073485127,21.45869701684793,23.251784613878083,26.484507040424397,33.615322657814936,17.064455446480906,29.877018359554608,5.9368939435672585,8.90161784217862,10.267645664645848,6.648280332340047,5.247479748418453,5.6377500160204015,33.54143101899371,60.845024603029415,107.68777461829701,74.61434284421469,70.22849642535641,63.44050931184026,61.6,87.74193291895465,101.06251875772496,144.36322397077197,98.21693345740935,88.13669440922433,72.94619416731862,94.45884334432832,87.49744653695154,92.06308858809457,100.18432866215201,0.5660451362345444
Bolivia,7.7,8.6,8.9,9.5,9.8,9.2,13.0,12.0,15.1,32.1,37.0,36.38,37.88,45.781410246114504,50.586782926162854,66.71982004045,73.240336466,78.912289447,105.88344960071571,103.47,101.7840717,117.2585635394641,147.11267228584856,172.15881423779308,180.10000000000002,210.17574352140522,222.25046434047852,232.927804367505,251.81564331512732,275.4215737365872,215.67993157125693,293.7313824572384,0.721645535850523
Botswana,117.98120452807763,117.92892276084251,139.2124565997938,131.4445487655149,145.3078255583465,198.93899204244008,86.3667312102472,119.01620574327389,117.72766855660832,122.26463557586258,133.94112718429307,129.09197255232027,129.6161509742076,185.58891777224042,99.20036927884108,107.03290174427127,97.41008181397186,98.64607420096134,57.5615679031087,59.50369164933872,99.80000000000001,122.3114870091032,124.13050902489894,97.48926438696316,105.39685746498583,94.7421117026077,80.44798079588482,81.24653489425,63.43891056939022,99.40376084786875,163.60299818263258,236.6465837716181,1.3435141578949592
Brazil,11.0,21.0,34.0,198.0,250.0,336.0,396.0,360.317,361.644,306.805,338.325,344.83299999999997,329.421,295.98,339.49300000000005,373.953,529.306,562.634,813.083,730.8960999999999,1023.6999999999999,1123.8171215799998,1063.6708867900002,1150.18900834,1538.77589725,1339.08689017,1385.07600647,2238.14084416,2253.24743004,2231.58319817,1607.7873522099999,1755.08176344,0.10914144591313865
Brunei Darussalam,0.0,0.0,0.0,0.0,0.0,0.0,0.0,0.0,0.0,0.0,0.0,0.0,89.2257320647701,96.97567354830451,353.78165980078955,375.5746789328789,405.46649367827877,430.2853466496893,420.3601590495743,444.81743855759265,0.0,0.0,0.0,0.0,0.0,0.0,0.0,0.0,0.0,0.0,10.149953862664402,10.418163014293913,0.07438357142862997
Bulgaria,0.0,0.0,0.0,0.0,0.0,0.0,33.5,15.5,3.42033863825527,3.81722984349167,25.957718796530465,26.957168672357803,14.49271600146842,12.586214157214389,29.436635345077697,35.45228532738008,49.57745277195734,102.60542173924648,161.81095199894736,101.24992856739439,90.39999999999999,104.54,107.09,161.95000000000002,169.06,114.85000000000001,126.53,163.04,195.08,204.57,189.12,157.23000000000002,0.19573742328233348
Cambodia,0.0,0.0,14.1,14.9,38.4,52.0,77.2,38.8,41.9,54.20217,59.6179,52.34645,69.65603999999999,56.19808,56.24679,128.4905,120.2405,118.3965,170.6275,159.28713188463635,163.0,192.43681910118642,265.124288352564,297.25564481540096,359.610112126491,314.34083523897505,356.8574920121965,324.477385964618,309.8026267557384,279.02493988337596,226.4590746516703,266.1333707300066,1.0114140186600031
Cameroon,110.88470245023795,95.35392136826314,135.06274051037752,106.51124895547181,62.2293007792314,22.338045001076576,37.081634017249534,35.56534055624791,33.51002717891427,28.128756540232118,30.05471733677426,41.76214682469285,55.8387796577531,56.8640220006648,42.24614694144047,56.198255161085825,91.75277343950708,89.6823569736026,56.57622792800255,130.4696110016787,54.23264182459131,80.71747677135232,72.90086753733476,65.13064284014094,82.22662742090873,75.60743495524477,81.19999999999999,83.59286367821878,88.88795741668862,86.39625625509686,101.57811243727491,40.311259134872564,0.08880892497383305
Canada,1314.1531660806975,1312.7992740390505,1225.0212641846597,1137.2404871833166,1180.8364236482994,1306.023051787756,1451.2317275757953,1547.2673417723236,1494.6404641440072,1614.2429821528149,1696.6222594351043,1774.974003288466,1970.679764058526,2242.154647119838,2610.530518919897,3261.615579717144,3286.690324299493,4567.0222410890565,4859.141896898049,4662.098288991501,5290.453957417123,5557.756827741734,5629.382995173408,5702.499908425154,5948.213016806358,5114.157603633637,5255.722464641915,6482.765219330161,7578.422449323885,8763.218444024726,6784.862776675918,7214.284393275939,0.36283024565646543
Chile,7.2,0.0,0.0,0.0,0.0,0.0,14.0,20.5,15.808,14.4,15.6,15.7,15.9,3.5,3.60000163216023,3.199999162899985,3.199999841220233,3.200000504991294,3.1999997251396053,103.9398620000006,148.78898899998413,177.0894709999824,237.6274829999823,310.1046159999894,304.4349329999779,386.47676899998214,345.5940935428733,492.037287263703,623.8662997138281,722.743058630458,774.0980580109559,761.871993441819,0.2405126727410484
China,5.0,18.0,15.0,15.0,19.0,0.0,0.0,198.0,272.0,593.0,754.29,936.0,1172.9432403348,1597.0689544748002,1997.9942757942,1817.4,2329.99281257431,2493.058145241023,2736.3907913778444,2051.656434,1455.455375,1618.147148,1788.058506,1714.202599,4155.30205229,5718.19107259,6210.890955569999,16253.28687731,16548.07839586,15135.300288470002,18295.88948274,22903.47345637,0.12907262957360646
Comoros,4.433221927826641,6.366434721191699,11.03556945969173,5.360923276773029,6.047087247375574,3.5046751448048203,0.0,0.0,0.0,0.0,0.0,0.0,0.0,0.2115316625498951,0.3160528095089361,0.3995511149562529,0.4083515876085489,0.4557416765950347,0.6670846868845027,0.5942964713070092,0.7866116985476141,0.8953310972842126,0.8263995907601892,0.0,0.9816941795209269,1.061490514070976,0.920601507883415,1.9291458744799908,4.708655667844216,4.660667553377136,1.0641868422708023,2.9915081711656897,0.2329835024272344
"Congo, Dem. Rep.",0.0,0.0,0.0,0.0,0.0,0.0,0.0,0.0,0.0,0.0,0.0,0.0,0.0,0.0,0.0,32.3,31.5,26.4,37.4,30.9,57.2,812.6,669.7459919070495,920.031731820626,450.6777406125924,851.1774110399999,450.3606184760243,532.4631048501457,913.8204608480033,1004.4816945491732,746.0313005904136,730.5804190403471,1.2918508638628317
Costa Rica,0.0,0.0,0.0,0.0,7.1,35.5,46.02,67.18,92.95,122.4535485718916,142.39999999999998,140.49179145090199,147.8011106689109,192.016734,191.5482344,209.02905,246.34342936172558,271.4142813773672,268.61817199,238.59820000000002,259.38291200000003,290.54335830802535,346.0354327576023,402.6046370399864,419.22282917186755,407.7840452301908,416.12921348039833,468.50481136368705,506.6934515811335,530.4212262875502,496.4688065633858,548.5818086486172,0.8516103026353559
Cyprus,12.006638579621924,18.302063719173134,23.801654363275176,24.52728845129941,33.72674429235805,47.52219636539923,53.6122600516286,50.59376321599908,52.14110864549473,52.491238797840126,48.199808127274885,79.2898447603301,107.04159518548265,183.9198041531987,213.44284273232904,240.67453645814555,239.60465682760895,304.67715069250784,814.0,694.8263328817162,951.993213506516,895.41859689602,759.7517763800563,742.2617950643744,790.2065174194651,634.5304366537022,689.8544941679605,776.5219931458673,869.951114575012,840.8057880004512,863.6321120321037,960.4521494606366,3.462586161441476
Czech Republic,0.0,0.0,0.0,6.249997704910024,55.021463718416065,100.44881935135483,302.117151805253,340.0256083805443,738.8603670550024,633.7660099663138,602.8666779054441,711.1134683826393,892.5507093432246,1099.9062176162604,799.5,1340.7064598535642,1677.693601209574,2295.8093097445517,2586.100789092754,2044.6022120378718,1496.9822526705373,1522.1378501490403,1334.6259444268687,1079.1986200845472,1523.3334185186727,1376.3923393545824,1658.6047482293836,2055.5104478686976,2786.2000904471424,3447.0703544776293,3251.663148542569,4069.2206489777536,1.4441229084519562
Denmark,0.0,0.0,160.46368896759674,159.68075943812545,199.7812435517622,209.07980373951654,0.0,369.75099217006897,346.4256695988554,693.7942241673804,661.9575289194889,744.8172196917408,860.1175777740483,1029.285318119176,1226.1774512622414,1511.6,1775.3078745045266,3053.8902145806383,4024.5810533738504,3390.9695839264136,2833.3427040010997,3148.221907694286,2979.3977067869487,3058.9952264407916,3171.598140133584,2781.2620092514344,2914.4301904719105,3140.5919423079185,3392.801094091937,3363.4229492311924,3386.838621702716,3647.0229874335455,0.9156403510477062
Djibouti,0.0,0.0,0.0,0.0,0.0,0.0,0.0,0.36574180879018237,1.35605809105283,1.4967280175105924,1.761187479251186,1.7780678704261172,1.6880391174931493,4.8390454701470285,4.670241558397713,4.670241558397713,4.726509528980818,4.698375543689266,5.120385323062553,5.789974173001503,11.619335925411178,12.857231278239487,12.407087513574647,0.0,0.0,0.0,0.0,0.0,0.0,0.0,1.6880391174931493,1.1309862087204101,0.03354051627284727
Dominican Republic,0.0,0.0,0.0,10.2,7.4,7.0,8.9,7.6,18.5,17.8,19.3,21.7,22.5,22.9,23.9,24.7,26.6,28.2,34.5,26.9,534.0,565.5,565.2,531.1,574.8,585.0,617.1,651.4,622.7,741.1,837.3,871.8,0.9204552653250838
Ecuador,2.0,3.0,3.0,3.01,5.0,4.0,9.0,4.4,5.01,5.0,6.0,6.932673063000001,7.281253067390001,6.50469417284,6.5,54.02003699999996,62.455627095238114,83.15561815638095,65.59744357776827,95.34786585166245,135.97115248992066,148.37507353529992,154.0491085017469,167.26821110415895,195.91506363213438,291.5336622006591,302.4,371.4695047729195,467.4453074935833,654.6689802879423,518.0196714919215,603.9660534911752,0.5688883950522533
"Egypt, Arab Rep.",26.5,33.0,233.0,140.0,255.0,223.0,142.0,344.2,108.0,38.8,32.0,34.7,14.4,79.1,12.8,57.2,135.0,179.6,241.3,254.8,304.8,292.9,292.7,354.9,351.4,622.7,352.2,270.8,514.5,471.9,444.9,442.1,0.10447955192664454
Estonia,0.0,0.0,0.32020441516958087,0.18091553218832818,0.7599453578631896,3.4895485827995683,2.1928805765351536,4.576594249691769,3.1522812415298818,3.3589214495801336,3.0382264001468586,2.237405010968756,4.758523048817968,16.4,25.310403311688347,49.189886869924436,73.83084853984009,90.85657914081885,127.90538658580923,92.42648802446688,123.27963708932175,113.54146349842387,113.16492502160382,100.29264508471331,113.88703568817974,93.6821924405709,121.86805290030694,150.9582748515807,234.33748582489966,249.20540048060104,220.4403981933147,257.70421621933593,0.6924554391104254
Eswatini,4.096902039915813,5.142477406597943,7.573594918445055,6.645874358842999,5.893604208255519,3.4435366141129857,3.658228115534538,2.1584380946456063,1.6243738073642793,6.775367423954638,20.743452587804175,26.487653635648854,21.147363374637532,38.85617930270654,4.102672069916641,7.976785808354502,16.586307982946778,7.861622499331119,6.339630087069432,10.725156325668893,11.692037265664387,27.799999999999997,49.54787054590652,27.141111141873015,17.501863181514103,19.330858635366774,18.84975345324301,19.467166588036147,24.23354248032353,26.89145126730286,24.421403352557462,40.599677079773244,0.855811068292016
Ethiopia,0.0,0.3864734299516908,0.7363285024154589,0.42,0.34915860354839345,0.24360357031131524,1.0845850862158781,5.237572522473367,4.259554820920293,3.449004439433365,12.556900749315643,14.02347789781563,16.578457701103947,17.266999850196143,9.223744770198806,16.399501054888237,14.131041586253405,14.567672842301786,21.3039897457363,26.549565240066666,46.967151950651015,21.832481874453357,19.88214540313963,23.077322292923796,14.253223300570529,14.437634411013919,29.86953926321458,12.461832148055002,8.68944930751725,19.080067104201305,17.079651631943072,14.213187631624374,0.014317851123335959
Finland,15.720900310020575,58.528759847911566,34.072172082061435,35.023238566362366,41.52025892128418,54.08978944466471,54.87434698008614,88.7023181716049,103.76967040666204,110.89230476190492,99.71615007798671,96.71085453363192,113.50698861986196,149.16039997667684,224.87452205952414,266.2,436.84666105614247,553.3232726505893,684.9920694140396,686.7119884048592,720.8324159177487,445.2099784577918,774.4485566615713,1084.9761065362734,1015.3690080714263,927.6591814888354,882.1811000032192,997.5041497235004,1011.15402327839,958.4033020021661,977.0989423815242,1012.8654894660882,0.3403731796911999
France,6773.1222366245565,6891.364594176703,7978.348004096531,7284.907934785236,4148.438984001252,4794.655248893102,4319.043066441474,3991.027127067997,4236.760893195506,4816.0,5120.657542467515,5384.609627450873,6134.107943231513,7721.6696398145705,9094.683582689948,9470.05238513183,10285.441104426282,11945.214337797208,13269.36277008965,11766.845174633556,12026.060391507852,12857.522696011863,12561.160242531043,13424.774110175638,13729.849894483146,12791.549840918138,13284.455662470114,13798.960222936168,15022.558189931346,15041.212238839107,14778.152520074806,16115.182200894642,0.5449058623936243
"Gambia, The",0.0,0.0,0.0,0.0,0.0,0.0,0.0,0.0,0.0,0.0,0.0,0.0,0.0,0.5261034898022912,0.5221430731960457,0.7429458637547646,0.9467063473329123,14.640731874283947,3.1853235466297356,8.412067918793813,58.1190881989003,91.36270871702821,66.13600229763183,69.58519435994688,25.235850134266776,20.5,17.79742918521699,18.17436527430621,19.006746070219073,18.92594295036288,18.308188550361898,26.83681134433563,1.3194105872338069
Germany,6542.014537019342,6600.6,8223.092675563326,8176.482166306998,8870.12346154043,10891.06959506818,10517.822321499936,9473.832024478237,9108.422590004795,10086.65347853481,8662.856855468526,9184.539370748229,10126.521386574825,11566.286326823232,12607.398368362214,12705.661655871612,12705.044233790226,14079.161786564051,15236.463878876468,15336.343939816745,14682.106066378057,16125.581285633101,15581.42860947274,19976.705774634604,20084.390151753287,18248.80557639847,19348.10733962356,21699.11580525696,18075.495506501862,17772.723434848518,15680.230871835283,17325.98278982682,0.40644920986361255
Ghana,3.4,3.7,3.9,3.9,4.6,4.7994,5.0,5.4,5.6,5.9,6.0895129065472,6.3992,0.0,0.0,0.0,0.0,0.0,0.0,0.0,0.0,0.0,0.0,7.99,4.84,8.94203167182118,2607.1063873377398,1548.90968762726,1112.21,956.2480761504461,667.2625062602269,727.201189577844,812.831957035108,1.0268604886934927
Greece,122.0,118.0,173.0,250.0,222.0,300.0,319.0,342.0,0.0,630.5713335970433,545.0997119096298,536.1526784816538,411.7338938242071,379.4747802509909,496.95458384158917,902.051035971901,982.3161130037397,1459.4830450701554,1912.0666198185554,1844.5,1931.8190130715523,1941.807064300859,1437.3862087662808,1291.0612649395794,1424.4991974017437,1870.2011424709954,1800.3188755291799,2083.3547267023287,2287.1289992100287,2666.198439311135,2725.2632439749714,2937.5638884774653,1.3575698242372196
Guatemala,13.5,19.2,19.700000000000003,8.600000000000001,10.600000000000001,7.8,12.7,20.5,33.3,26.9,55.6,32.4880933102828,81.92295720999999,86.086,33.7,42.099999999999994,45.5,16.9,26.5,21.976599999999998,20.76247,26.790599999999998,27.9052,27.745530000000002,26.12559,22.906100000000002,18.78648,18.333869999999997,18.91029,18.00769,18.664569999999998,19.967930000000003,0.023225544932188806
Guinea,20.4,20.94,21.57,19.92,22.240000000000002,10.43,11.261,14.4,22.930000000000003,17.927619999999997,26.910849502734383,36.833045673392206,17.810000000000002,46.37641098460284,47.95,59.86000000000001,51.599999999999994,38.96,55.510000000000005,44.9,40.980000000000004,38.809999999999995,50.72,80.67999999999999,35.85798115139774,25.6995005148516,33.87067712235626,27.78,22.89,82.69,22.62,43.55,0.26972624798711753
Guyana,0.0,0.0,2.72,9.05,8.55,8.97,23.3,17.9,21.599999999999998,27.200000000000003,27.4,24.1,53.1,50.4,80.627,54.806,48.429,61.144,72.15444274,85.62487503,128.119878587356,138.27,183.688021187932,122.837355318773,122.22953032359601,132.0,137.96341260340117,139.3315081905201,142.3911336897954,149.0605255066313,130.3192232451372,196.7049257372356,2.5489818029964444
Haiti,0.0,0.0,0.0,0.0,0.0,0.0,0.0,0.0,0.0,0.0,11.0,19.34,22.0,31.35,38.52,59.686,75.515,96.408,117.08021167777781,134.8240037777778,166.9785616606625,240.2373935333332,231.9240771555555,247.69432073333329,248.5970743956264,247.2976612506611,266.3401223100867,297.7103404301353,309.403439143222,284.9752986127222,549.4832071720001,678.498745922534,3.2283329967290006
"Hong Kong SAR, China",0.0,0.0,0.0,0.0,0.0,0.0,0.0,0.0,175.2,167.0697175414428,225.38493267787678,308.51099973825717,298.88765653350913,317.2068357675791,320.6206560991401,348.0866643549639,376.5509184281372,387.6250089079173,393.1066553335273,413.32624377410616,482.936786176408,554.3449736785217,607.1185052231468,656.3980551619428,711.4986991346282,758.6705606007783,816.5260025845763,875.4733437899575,933.9730458145414,997.2160593433493,908.5459673611538,914.0365859637423,0.24760037327207926
Hungary,0.0,0.0,0.0,0.0,0.0,517.0,459.1146375469401,399.23218898560947,378.6117244820266,347.58735766197407,301.2895444342289,314.9750999073376,391.6342482258767,483.6263643439161,581.7617115328594,697.440225273857,797.9073421386482,999.7746972137511,1119.427431323928,896.3158971687567,859.8924872134338,913.9316926024519,863.0971894263625,858.4808891935104,868.8450382021663,676.85184605136,782.1063476666703,863.3527901816136,1093.917694940058,1386.506530297675,1353.4675752136986,1622.5227337911588,0.8901216988008397
India,105.59230784984629,51.58417042576939,67.77693244763066,259.4239272280727,350.83285749881526,419.1735666736667,537.9892696887864,161.58293028485943,44.157098005867674,36.167394580906006,486.14191892058784,751.0846973280293,1186.8001480518162,1265.4198100287567,1652.7831744797627,1348.2828578368478,1561.8653622548627,2059.330846416953,3812.3635805274143,2890.0,3828.6784984633473,4077.745355884924,4963.082153948808,6431.771261443804,6221.785952855262,4882.832496029115,5622.636934737198,6958.929627681167,6781.570846837902,7531.590149758273,7010.825358501104,8181.397793024899,0.2575766802912858
Iraq,0.0,0.0,0.0,0.0,0.0,0.0,0.0,0.0,0.0,0.0,0.0,0.0,0.0,0.0,0.0,82.5,781.3000000000001,17.3,31.400000000000002,26.7,48.4,78.0,548.0,484.0,599.3,539.3000000000001,349.6,396.2,499.7,664.3,580.7,852.4,0.4122913512650727
Ireland,0.0,0.0,0.0,0.0,0.0,0.0,0.0,0.0,0.0,0.0,0.0,0.0,0.0,0.0,0.0,1440.0422903979859,1853.3125047134588,2519.8967885088396,2672.7467045179624,2550.787027085895,2266.001454834054,2194.956463947509,954.4205926426819,909.8451320939818,934.1,703.547560974833,694.0322429411516,1613.2575660368634,725.122899670331,754.3503541125552,623.775986168865,544.0326480519483,0.10783237196208419
Israel,850.0,795.0,1116.7,907.6,919.2,1407.2,2025.1,2399.3,2874.0,3080.8,3255.1,3038.7,2780.5,2501.9,2217.8,2205.6,2381.2,2824.0,3679.4,3464.5,3768.5,4251.0,4220.0,4837.3,4836.6,4732.7,5004.1,5873.1,5902.4,6242.6,5776.2,6809.1,1.3938021849355309
Italy,3668.683914984048,2574.479989378444,2444.0443253412072,2297.129121371395,2113.071416792285,1689.1126844877867,1975.7682110271373,2028.2589996822117,2262.866024319122,1920.7,1945.1375036764416,1897.1274885440803,2062.4579597780807,2513.5318603247733,2688.6356508657964,2587.6788700183015,2463.936256973489,2870.2568493563576,14445.39989583948,14402.098597250775,12882.879135786405,14509.942723018034,11821.288113610346,11565.68255180433,11135.811955508369,8860.397466692733,8677.587198877718,8841.573147745445,9906.85158773809,9577.332780600536,10194.686590985837,12273.005631385284,0.5840742230971807
Jamaica,10.8,11.2,11.5,13.7,32.1,50.099999999999994,70.1,83.6,105.10000000000001,119.5,152.0,179.4,242.3,322.2,390.8940110778,368.74151438,357.92685010484763,396.1825776016667,364.617028726,268.9977113729212,279.30992690478837,305.4,333.5405132165047,297.4257075385832,275.08179834313455,287.14024449268754,298.1124848583854,313.9692435019417,309.1106627151201,324.8825120186888,306.2755378763927,346.66466540198354,2.253117544533885
Jordan,70.51583757357004,61.10533116685358,86.05765137629652,78.0730894153747,93.0230188988233,107.06219993033751,99.8589562764457,200.0,207.0521861777151,203.94922425952046,197.46121297602258,193.2349226042158,193.93516895743,226.93935119887166,272.07334273624826,349.2242595204513,401.5514809590974,479.2667347285998,471.7791677301549,502.2535211267606,605.3,549.8591549295775,684.7887323943662,534.9295774647887,675.2112676056339,596.7605633802817,570.0,672.8169014084508,637.1830985915494,663.2394366197184,455.0704225352113,623.8028169014085,1.3768354049074283
Kazakhstan,0.0,0.0,0.0,0.0,0.0,6.6,19.2,24.1,35.9,60.5,121.5,203.1465,364.81756309138405,650.850447,1219.483642809356,1893.131774858688,2958.485460452029,4212.277481719376,3461.671985159943,2934.0612835818342,3005.774880437663,3409.435906800476,3432.439704728682,3386.49373539602,3457.352394127324,3181.475768052969,2396.148203760261,2690.697275004375,2680.0810276183465,2660.169693958282,2080.8348872067386,2577.375264413198,1.3075689275199875
Kenya,6.371437340986807,3.439016232932151,6.983926622210963,0.0,7.136412070705786,8.74978530619388,8.754288142141622,45.86489923623199,70.60067885108843,26.039933424543182,0.0,5.091442627810644,5.7143479976554215,6.58452953810806,34.02296482005331,56.408976704830614,25.399012362981935,16.36474374845258,64.4949223596873,60.80477478156885,19.103834665544813,25.9,14.50905004140542,16.198281534233857,170.9526003014018,35.0506132495862,17.90793244940678,20.214268452595345,10.730012936166581,2.5639285520391595,8.394378967155978,8.973960160437102,0.008119834743742796
Kiribati,1.3270295094934617,1.5579286559554784,1.615688828123761,1.224023501251224,0.7311273191206263,0.0,0.0,0.0,0.0,0.0,0.0,0.0,0.0,0.0,0.0,0.0,0.1,0.5451327702212903,0.6346591661171015,0.556991456175973,1.0309684170388005,1.2006291128583904,1.2160647286793518,1.2843591117575717,1.2501947319523066,1.0278206599957946,1.0352838851112867,1.071188735797722,1.079297749664646,1.0297724308391887,1.0560880277960771,1.1989513301669177,0.5792035411434385
"Korea, Rep.",1035.9,1278.6,1405.3,1186.7,1367.7,2087.1,2917.0,2856.5,1764.0,2502.3999999999996,3640.3999999999996,4486.5,5862.2,6806.1,6930.9,6898.799999999999,7462.799999999999,8019.3,7884.6,7491.900000000001,9544.199999999999,9979.8,9756.1,9402.6,9977.6,8719.5,10784.3,12888.0,13530.599999999999,11231.6,9684.0,9757.8,0.53881740463377
Kuwait,769.6174446620789,425.6537999999997,828.7217450219846,1229.1337158335614,1330.5473132266527,1353.6709172110325,1376.046147154844,1374.6550238111183,1611.1268687266952,1731.1912260031254,1734.3023765973514,1784.9126944877676,1925.5431319550194,2143.876846363078,2404.479131319986,2647.6027397260273,3183.2380478448918,9763.770985327232,10322.571365546604,11749.2,11864.003972950015,13012.206030133964,15459.199374321493,17711.48068071879,18128.47635026612,15202.536401356529,15287.570250084793,13760.108803092318,14346.86171113832,18855.161641234536,17357.17832289652,18468.103779777426,13.60339403788822
Lao PDR,0.0,0.0,0.2,0.2,0.5,0.4,0.4,0.4,0.4,0.4,0.44,0.46305,0.4862025,0.996715125,0.8,0.84,5.410944,6.0,9.36074582,22.37000792,19.31493266,75.64311906,70.19999999999999,68.70400083999999,54.16530636000001,43.33807187,39.476133669999996,103.05858560507349,123.7850205576504,106.03368086,96.28452779,126.89438018801951,0.6842142790252319
Latvia,0.0,0.0,0.22403,0.354,2.088,1.238,2.168,4.6,7.7,7.6000000000000005,131.5,142.42640445214988,3.7785282496625157,4.52412496137934,8.69827420634922,17.345243728757797,25.1481284060026,41.19056887639578,791.4526989827715,571.395003172671,314.81993477633466,357.55071780303007,337.56110453784186,376.4245143312445,292.3273307032015,273.0656611308051,233.8105595915811,202.6408979014529,238.6034971153851,240.536845373377,174.63856717509316,397.96358340548284,1.023095232159707
Luxembourg,0.0,0.0,0.0,0.0,0.0,0.0,0.0,0.0,0.0,2694.3908944981713,2719.5914029852743,3138.7243192024307,4114.3,5119.734071010505,6083.684456010118,6742.4745512913805,7626.9760080737415,9367.574108351457,11042.647564153545,10758.73869575275,10658.661179023544,11775.377476634478,11454.422098561916,12419.217720367007,12917.475761213162,11232.764645620908,11679.077113534391,12693.980482874798,14044.624457944972,14153.474834439623,14305.894447615701,16954.86933195286,19.540463456519525
Madagascar,17.501628577292742,9.9925900095894,9.4368640354799,6.698775853577927,8.447069837750073,11.076905765031286,13.21021310753541,15.125069098157883,13.00033477914221,11.213004921404726,11.903986429219017,11.415636251247198,4.714538885617407,17.924587399999975,9.00143390000002,23.2,27.21404087603876,38.241872302672746,40.56202878214119,49.53732182938201,58.90922618425975,54.21419865677167,63.11237812220456,55.19566966851895,49.74922896142482,57.97627482886756,47.65692184622458,63.48959322090061,74.2653738404899,63.243733919781405,42.94496323917411,54.091502493577266,0.3786859597702133
Malawi,0.0366450481241094,0.03567208436447952,0.13876263737356542,0.13627758532774958,0.583764145549571,0.8047767535109459,1.1758199166474301,0.9967055203438299,1.4089545962396783,0.821082464162226,0.42487661955336264,0.6230147004506171,0.4481616901169079,7.0,7.315991829503927,7.336575793548388,7.338187331991928,10.185949306039333,10.38558703877217,13.316725894617568,14.907784675190943,17.450252158088407,17.79323282060994,16.45284557542083,18.552017835054894,20.00124598571256,7.593224622476741,9.601317266251,14.979831897017,32.0740229641901,36.8757427354655,36.3976559325006,0.3032885253937222
Malaysia,182.26350570728775,153.8144529829578,186.85841026412749,210.94792538736917,105.55369965082163,1329.2582899791514,1424.9133277091985,2074.156577789756,2924.0324892498807,483.6842105263158,598.9473684210527,633.9473684210527,3826.315789473684,3463.789473684211,5064.289473684211,5679.210083088799,5596.604811256615,6388.4796800525155,6785.5278678403565,6528.552507832147,8628.3,9421.62563637394,8958.203380438794,8981.934821526858,10192.344889740367,10482.814888608571,10105.146887538314,9393.881493644209,10915.511979301122,11397.960819849792,9089.686975643479,8597.858989020486,2.3048459360327707
Maldives,8.219088,17.141988,19.299999999999997,26.81104,22.463449999999998,26.7744763541595,27.462499,28.145551247999997,30.8084339468889,40.8813827288,46.35224397646469,49.963192,50.617855,55.320628,61.507567,69.91046200000001,83.551366,188.8245,218.69729999999998,190.1529,189.384561876,239.9,259.861750172047,265.584668805559,301.426449714464,348.3651891657445,376.23504142093384,475.2578999630877,532.3731222933509,596.1157192289452,396.7019999108506,496.46612173160764,9.540086889538964
Malta,24.796249095314515,8.380704888744518,5.129759503328914,1.852000404580128,2.9159526911813405,8.721485077005568,9.272450788047632,9.00806909784873,6.890502570271395,9.880053669645175,8.403735631130901,8.422550227551909,9.392415877651706,11.5319280362077,376.0,192.22723252999512,222.75200026287936,258.53569375999894,1320.3448479760286,1863.6737791236287,1611.546408522523,1107.8248080991566,1050.3283470685603,1107.7974757774246,1112.989947393551,403.79105223549914,450.71017211522985,477.22566660219934,512.9421111319738,501.0634621908491,543.2845747328179,524.095504573109,3.0162034102964377
Mauritania,31.22480120085846,29.373061473534356,30.392953890614095,22.830023384632426,24.90795063726482,14.433413390529314,12.235677067518461,11.550619018351066,9.619270375070206,0.0,0.0,0.0,0.0,0.0,0.0,0.0,0.0,0.0,0.0,0.0,0.0,0.0,239.83247201935507,255.10925617697345,188.55644670458824,171.5815030344052,0.0,53.099999999999994,26.581211449944867,10.091814775328675,38.619252226092144,22.38306717993145,0.22627443570492775
Mauritius,0.0,0.0,0.0,0.0,0.0,0.0,0.0,0.0,0.0,0.0,0.0,6.343698726402961,8.120378641399752,9.11416511956435,9.332633799712907,9.24700609311097,10.07284197664276,9.947909849092111,12.740006746489872,10.257767099454487,8.458860235760113,9.445395355535789,8.18783534215211,8.3,700.7828466481135,599.7390643954519,599.0317315979705,581.452822992229,747.3328512032869,822.7896267046979,1102.3889462984857,719.5564699119492,6.449372321519667
Mexico,0.0,0.0,0.0,0.0,0.0,0.0,0.0,0.0,0.0,0.0,0.0,0.0,0.0,0.0,0.0,0.0,0.0,0.0,0.0,0.0,0.0,0.0,0.0,866.997321,1001.831236,810.619117,653.519183,806.22256,999.848929,981.248256,898.705958,1057.147138,0.08146558600435708
Mongolia,0.0,0.0,0.0,0.0,0.0,0.0,0.0,0.0,3.0,1.8865876930946288,4.59629369565217,6.39386189258312,16.460011801852268,19.0141241399006,49.09495662515904,40.422531016,76.57902,90.3231,172.18489674636587,83.44364891823427,169.0981042711269,312.1990551550749,531.3747503413178,441.38196404820474,336.9402336053864,227.55159829578378,170.93442706639837,183.0977621365397,216.7883873329705,233.42169920412488,145.8429255391069,143.8968902867084,0.9413639296526783
Morocco,11.404526019608097,17.343264553698077,22.60515643529567,13.980435098025696,13.03963015262344,14.753690935349859,14.112179011269767,14.904839944411238,21.760823732208603,19.685000887779935,23.198610994538498,26.56822650673827,30.315999606796463,34.14962935497971,33.536406458840545,35.07121505301489,37.88922654368212,48.909774098901046,54.39666931642394,60.10931581371106,62.034092004038726,70.93058740313171,64.15293218499443,63.305944115082376,100.2,78.79923909782403,106.69841301765587,111.63597247416149,138.27834499178553,136.43373653638864,151.905882607609,175.38631862106692,0.12276195246002711
Namibia,25.856862874563006,22.30821184834037,17.286029142562093,13.34254832829372,11.152421591576363,11.165991422864366,10.769071830445647,16.558297468475747,10.491501205693563,9.132202344872315,8.662483857411004,7.84007955338585,8.012240688852796,14.718444713549152,17.134910976893355,18.283122408099935,19.662580342045054,15.549449880805094,42.43170607976575,67.8,81.6363683627298,111.95212071447591,103.50316855135705,83.08422189641888,131.23161348263477,71.43973898425727,49.880620517677215,68.48123435490467,57.92296999584477,95.5565818964555,104.74290787849951,89.57387130025145,0.7278286446758061
Nepal,0.0,0.0,0.0,3.0056763673222,8.713303281998831,9.062518969713397,17.992224688001805,21.802417282940098,24.058675420886374,26.94786760167905,16.73255240648957,24.30480074640297,34.08961510139756,26.189754762356774,63.61110450053947,65.78763435107332,79.1665361684092,3.9533994979515925,5.286468443017937,12.297855767631926,32.36088551589643,39.16279085801092,50.325791472008405,27.77218388038817,9.103367603713428,9.494425813388753,20.05432358220394,33.435192626446494,49.42630208603751,60.03516284612639,44.14319896498772,44.025033929746556,0.12281029326530506
Netherlands,921.0323912927001,947.883470015403,1305.9248138151027,1180.0551656640473,1163.632822758101,1505.896052219034,1443.3664702031813,1391.005515481203,1423.4213964205492,1506.4098255677673,1447.2330595482322,1534.1233153371822,1641.9732579231218,2470.7431323957435,4194.5,4544.867969052655,6078.723965965184,10084.06172740152,12696.526891921738,11672.005382180285,9395.85298441558,10252.485040685866,9572.511982903246,9685.79216046933,8282.70072451772,10222.554137961788,10507.383740164918,11319.607523069793,12956.820006355316,14137.568176379713,14311.627155999897,15784.713976695512,1.557415144910363
Nicaragua,0.0,0.0,0.0,0.0,0.0,0.0,0.0,0.0,0.0,0.0,0.0,0.0,0.0,0.0,0.0,0.0,0.0,0.0,1.2,1.2,1.2,1.3,1.5,1.3,1.3,1.6,1.6,1.6,1.6,1.6,1.6,1.2,0.008570816370259268
Nigeria,8.853591755155604,53.51067698921151,34.802542935688315,2.3105835276313718,3.500636479359884,1.4638173924900324,0.5473001550425697,1.1648448561163276,1.3280933196702194,9.400236738681,1.0521416490763476,0.593358431196269,0.903977979981037,11.562241361498224,20.855603806287284,68.0302696896831,101.56082963039705,54.00629649400617,58.14876058026546,47.035790569587256,47.474692664548975,75.5061577661904,38.702386730158096,50.48263936506076,54.599999999999994,1035.45115,744.77112037037,275.3458450781687,67.67627978561646,90.60008052519227,92.10166490518975,82.5452942181415,0.01869481978301936
North Macedonia,0.0,0.0,0.0,0.0,0.0,0.0,0.85,0.38,20.7,11.999652,14.208225,20.520593,23.265150000000002,16.067712999999998,16.158268,15.545106,17.848734999999998,24.875466000000003,32.975259,26.302032999999998,22.611970000000003,24.692249999999998,23.859882,24.438824,23.991042,19.890647,24.250400999999997,27.449617999999997,24.903445,21.972421,27.313816,26.035886,0.18745687954496365
Norway,216.79737304936685,309.1447521528462,446.3753524854037,531.9891858937347,474.73858102254866,603.0737099595565,647.2069369217696,703.2528519874536,745.7103046355095,957.7238593698722,1059.510253661122,1022.4405632536666,922.8704288477976,1430.0774233135658,1749.216384600086,2174.0084908083213,2596.8825721789135,3577.067724438197,4750.013567774916,4174.095053595803,4118.496971950486,4427.035713505538,5099.6,5799.1870109211595,5941.154711737828,4578.256592998536,4162.4856264977525,4025.1985960966203,4410.935943394987,4619.086160047781,3871.3636100461313,3986.55803876209,0.8267865481955908
Oman,855.6566970091027,910.2730819245774,1219.7659297789337,1422.6267880364107,1365.4096228868661,1537.0611183355006,1370.5999821768532,1500.6999804850454,1466.8999904622888,1438.1999906488945,1451.2,1531.85955786736,1602.080624187256,1672.301690507152,1825.747724317295,2257.4772431729516,2788.036410923277,3669.7009102730817,5180.754226267881,5315.994798439531,5703.511053315994,7214.564369310793,8086.605981794539,9104.418725617685,10300.832249674902,10990.897269180754,10312.093628088427,9815.344603381014,9957.667100130038,9133.596879063718,8772.236671001301,8117.672049781066,9.453553726934128
Pakistan,0.0,0.0,0.0,0.9837520359622001,1.870273188367598,4.41074913915308,3.557046350992924,1.919643483785057,5.0,3.0,2.0,3.0,2.0,5.0,10.0,3.0,3.0,2.0,0.0,8.0,9.0,28.0,34.0,16.0,16.0,30.0,64.0,120.0,130.0,124.0,187.0,231.0,0.06633603942256057
Palau,0.0,0.0,0.0,0.0,0.0,0.0,0.0,0.0,0.0,0.0,0.0,0.0,0.0,0.0,0.0,11.7,11.2084206,10.74563556,9.72527514,9.28446474,8.994424380000002,9.35748906,9.69057102,9.83779452,9.52727823144,16.78528338,18.565,19.907,20.186,19.949,18.596,15.622,7.16605504587156
Panama,21.8,16.1,20.0,23.7,24.8,20.4,20.0,21.3,20.6,21.2,22.0,42.1,44.7,56.6,72.3,87.6,236.3,295.9,387.6,449.8,485.8,463.6,563.6,644.2,814.5,828.9,838.7900999999999,838.4081,797.1388000000001,823.651558,512.22556823,553.70337176,0.8705343475512932
Philippines,5.0,9.0,8.0,45.0,89.0,151.0,57.0,0.0,0.0,0.0,0.0,0.0,0.0,0.0,0.0,195.4,63.2863349808685,65.935652547979,116.94306476688561,93.79017769245951,109.14210911310711,134.7668363209945,152.3575069916288,210.26202332579558,182.981951679176,153.32215493797332,196.07288362012312,246.2115901379855,258.5235559193442,225.7231576281418,211.19446241595426,255.92348292973878,0.06494102376885726
Portugal,76.72896107088151,94.10285727550686,108.53159889719662,459.58785578204964,386.4643531735525,527.0709346297162,304.09090710518154,217.1841959831425,207.23061018025743,202.0,203.16407151364803,250.5122277680793,256.3830142461476,258.92184402427165,378.4388033910539,435.78910467798335,445.0203219729018,345.52510018610417,387.82437021627567,518.1076896334861,505.71682770562757,670.899548613365,559.6791045285373,559.099096102151,457.2210002327424,343.83896891173407,282.91692276367115,300.87961353066225,261.72898496337046,259.42559588744626,255.50691830607587,321.53089624819637,0.12858407000387767
Romania,0.0,0.0,0.0,0.0,5.0,2.0,2.0,1.0,6.0,8.0,6.0,5.0,6.0,8.0,6.0,22.3,40.736418735504955,55.02047631111376,168.49682284998445,64.40717189482324,88.24141655076761,127.76572643552223,116.34622762482303,484.52090021339035,592.7688067697502,514.2896602430352,302.50760991767686,389.1224762508467,435.2564859320131,485.74240426632934,536.805624619408,642.1676743391895,0.22604692745830118
Russian Federation,0.0,0.0,0.0,0.0,221.7,468.7,507.43,568.4,464.99,204.31,232.2,914.69,1295.51,2264.13,4189.73,6827.24,12104.439999999999,19880.62,29718.809999999998,21147.739999999998,21453.98,26010.47,31647.7,37216.68,32640.36,19688.84,16244.42,20610.14,22308.420000000002,22217.24,16872.18,16819.55,0.9456995383828217
Sao Tome and Principe,0.09,0.0,0.0,0.0,0.0,0.0,0.0,0.9,0.26412,0.6882,0.6390867,0.654149933500036,0.4736025,0.5537406,0.6135675,0.4762065,0.670648480778376,0.692759574669271,0.48807938895247105,0.54684,0.6218613295125,0.600930421324144,1.31351965665752,1.07354310175429,1.441589814663352,0.449656200506205,0.57561270524661,0.0,0.0,0.1036053277481428,2.373286696034322,6.446503568442408,1.2444987583865652
Saudi Arabia,11221.333333333334,13728.0,13379.2,15696.0,18077.86666666667,16593.866666666665,15492.533333333335,15014.4,14934.133333333333,13958.133333333333,15390.133333333333,15119.733333333334,15853.6,14783.28,13555.066666666666,14303.4,15942.858666666667,16435.845333333335,21696.16,26469.733333333334,27069.00533333333,28474.925333333333,29492.573333333334,34984.18666666667,36924.24,38787.367999999995,37843.20533333333,36118.96165333334,33881.51179548,31197.048533333334,34595.84746135146,40735.15549549221,4.8870008188550065
Seychelles,9.794305726560918,9.557361272592953,13.292957282924776,0.0578979195347581,0.07911614084650971,0.27299597330939396,0.362174252764094,0.358113339556105,0.47983809027607305,0.275709316653928,10.104413446937098,5.60792391233524,4.89434890310887,7.314537754177761,7.92596594799098,9.957671782516526,17.328411481760362,52.199999999999996,50.52157848522018,62.099674018159604,41.22061599313778,50.219370743301454,56.9584580677787,61.15939037586338,57.6619674741376,74.21358427652193,62.94564282053885,67.96350103784957,69.88823341986375,73.36299751798998,44.85821659531814,48.90526723899215,3.356572905902001
Slovak Republic,0.0,0.0,0.0,1.5113866433429424,6.0000515228743625,2.5678848068643614,13.104584706703289,13.72655451719248,7.761445547366995,7.010208728333593,6.709550418165502,10.10714164769428,11.334953118733448,15.577226624451018,29.1,49.933611849673504,58.97539966360552,81.85571446772175,152.6946321645004,138.1949453682056,69.92407987012989,69.73847992627157,154.17547230148918,175.29663537106381,225.5076609019633,239.98653406149987,242.25606208307698,271.3354960222788,364.2986378127205,511.26995502224105,410.58888400334655,441.0066413383125,0.3836608535571285
Solomon Islands,5.615348619560139,6.7777880099456675,5.60090160855162,2.227287937092189,5.772692631968063,8.074224140462139,8.468021768236982,2.85180692908372,2.491875878970279,5.725338757821957,6.46501221523775,2.255440116942626,1.387110848798546,1.577012884250606,1.8107047042753102,2.1111199282601856,11.200000000000001,12.106463842675295,13.943460893490428,39.10483141083106,61.70812412057228,66.85411030834675,46.60280265281482,44.82676854605504,45.89132279490739,55.64303576219191,69.18721872976084,54.70434720351172,62.63213973247346,83.34535845328686,65.71268387484473,55.07269220298379,3.374552218320085
South Africa,1115.6154010693128,802.7104195970079,738.4304886043188,631.9437819918821,571.5925322332504,566.6171523038026,518.4594128100914,581.8402155691197,616.2284763898605,641.272393336099,614.2774818711355,520.7600012429342,505.5,705.7515281722361,934.598613506281,1041.844333333764,1055.1266550932016,1172.7169217114263,1118.9330089957514,1143.8550533451294,1352.7991854840536,1422.6978646830864,1319.9443694493175,1181.9804186965036,1093.5858758394356,980.0978385222072,896.798664324972,1033.4897644907048,1097.8436910359487,1052.0381125950246,920.7818301498792,1066.4504554384011,0.25457928739276287
South Sudan,0.0,0.0,0.0,0.0,0.0,0.0,0.0,0.0,0.0,0.0,0.0,0.0,0.0,0.0,0.0,0.0,0.0,0.0,0.0,0.0,0.0,0.0,0.0,0.0,2.4,145.95,63.79,123.08,103.49,16.02,308.26,9.71,0.18792335978323982
Spain,158.84636498454333,207.19276882386728,392.9808386186409,498.0845578631391,490.55474524254464,645.7591958586552,754.7884744864025,833.1858347743098,1017.1749277066754,549.8,621.6282244657147,573.8499045349379,533.0097509216579,539.2176639088894,704.8756264790775,732.6868959319546,794.2331959167359,897.2820757731079,748.880878826063,557.2862475676666,470.665747330447,496.94897575757517,407.4609717772962,353.45493767688424,402.801005256773,368.03057855016016,304.12756535778055,362.5876847607224,439.8306318681327,448.9853469155793,351.7041283853352,260.7656909090915,0.018283642044243507
Sudan,2.1,0.2,0.0,0.0,0.2,0.9,0.0,0.4,4.6,2.7,4.4,1.9,3.59,0.65,2.14,1.73801797112797,2.442585,2.041564,2.102552757209305,0.07877851880942971,0.8,1.7062349010413065,8.021746359038971,64.3676743370257,35.611551234338,89.39026194265429,112.04259103696582,124.69965793311455,208.72483598247402,138.816458193823,199.51774622558142,175.69616697973694,0.49998909214495435
Sweden,262.4906588773339,359.94239663423446,319.1116076234518,245.36993346389366,216.30206298102738,317.2864775892443,406.091303438062,384.3133048557173,503.2130268297563,484.30845615413233,538.812671448013,578.1074762927549,507.65230304878594,567.7173147250318,660.148512929357,728.9753902511421,930.169752526702,1055.6520898489603,1205.7584889788172,1071.467575334179,1160.0320621926694,1389.9,1386.6459127177218,1623.5825951077213,1590.8734859853178,1459.609040979576,1633.036130768364,2045.9024227851792,2084.495542362343,1917.082970036709,1765.892819672624,2139.5029891873633,0.33657765567774217
Switzerland,8167.895428286933,8675.01554518562,8851.328207687067,8220.467644968794,8723.305860052607,10114.090360354681,9613.999886732307,7846.6215925240085,7767.413869959378,7578.1,6196.274230831986,6921.231211578382,7948.181043724331,9374.390165680947,10615.1659090073,10858.557517226754,11663.457222878165,13402.757251124356,15837.911699929316,16395.814781233865,18511.53621765046,23679.61273424051,23738.99407557316,25337.90309756071,26816.95260322851,26031.157291070893,26050.038249208297,26961.75860992346,27741.467905530066,28436.482089517922,29637.75645138532,31592.652920216882,3.9500888876934726
Tunisia,5.692599620493361,5.407622043269991,7.91467229487808,6.9739059685011675,10.874355879772425,21.147237642083002,11.300499105377158,19.8931496733455,7.903576368306659,7.587093510927522,21.157330285380826,20.921483618165546,12.941948794898277,17.15228147333704,12.92688149020444,15.646275980782612,16.453485096072576,15.218225450856227,15.744942748736912,12.88626390920368,13.343579712169904,19.03702037482098,18.439178987018906,19.573346190737578,28.450675188124933,26.457656279870008,27.42043109200668,29.26315136861031,26.975291539682104,26.274238069814757,22.93448855201598,26.910322780733317,0.05744913278838076
"TÃ¼rkiye, Rep. of",0.0,0.0,0.0,0.0,0.0,0.0,0.0,0.0,0.0,0.0,0.0,0.0,0.0,0.0,0.0,108.0,124.0,124.0,126.0,157.0,190.0,268.0,404.0,689.0,815.0,850.0,1108.0,631.0,627.0,678.0,521.0,631.0,0.07718578900756934
Uganda,0.0,0.0,0.0,0.0,0.0,0.0,0.0,0.0,0.0,229.29999999999998,353.0,354.7,357.6480547333896,181.8061841283146,194.09335061108953,197.01148080963938,206.0687619583948,235.71381742631456,381.0438921190687,482.6156264224836,331.0999382568165,395.37139319833057,325.3740462804565,367.618755016584,301.7720212537023,278.22228250354465,349.353415866986,344.7245441826705,399.98549500553776,373.06664087071675,195.2284404881617,212.8396098739509,0.49544824105298285
Ukraine,0.0,0.0,0.0,0.0,0.0,0.0,1.0,4.0,3.0,3.0,5.0,0.0,4.0,4.0,6.0,186.0,255.0,353.0,714.0,613.0,703.0,849.0,1003.0,1716.0,1702.0,627.0,559.0,584.0,565.0,575.0,843.0,1083.0,0.5422618779385037
United Kingdom,1171.5099485897292,1090.3116748402115,1056.599124365615,837.8312506899983,1306.2388940792773,1865.9824538358228,1277.0466270389898,1512.5200078226724,1408.5365722475917,5111.7,5366.131133380724,5462.692455383317,5996.404558710855,6990.70230316724,8930.41914536721,9643.11767923323,10645.651381120533,11596.568483364208,11211.837187942603,9274.761989826718,9565.109384901854,9931.10101046054,10077.435197265324,10528.125661636626,11571.02757242106,10705.712114456383,10190.899107285286,9801.235337375241,10410.04112353596,10360.300796885422,9382.380085412888,10084.69461446904,0.3163700702174295
United States,11850.0,13919.0,16156.3,18041.2,20365.7,22181.4,23723.2,25593.6,27426.7,33427.0,35315.0,39007.0,40562.0,41391.0,44927.0,47751.0,50974.0,53039.0,55679.0,50555.0,50527.0,50854.0,52371.0,55003.0,57239.0,60719.0,62870.0,64114.0,66836.0,71583.0,66543.0,72669.0,0.3160061010411559
Vanuatu,12.39246443357461,12.985765725002667,12.784758025786198,9.229367620379767,10.734383497339197,11.45429880010531,33.63304961753718,30.32927158876589,14.112241263795976,14.604007693746308,17.19427188336031,16.10988378617935,2.1481639312906036,2.7197718258622943,2.9798216957673413,3.0010214553394845,3.138417382986581,2.6250592775314923,2.549130441989248,2.694966432739152,3.1,3.534769460196455,2.3822412318184947,2.444150977601301,3.714947693990336,3.3310069508148037,4.552015081310053,5.2303416999759555,10.268357513176703,15.028417714333878,11.451941663663304,9.703252681830783,1.0467370746311524
